IDENTIFIER,time,FEM_short_mlp3,FEM_short_SVM3
isorhamnetin_3_glucoside,1231.8,761.5960834403784,901.6417784992149
quercetin_3_glucuronide,1194.6,751.626192150835,893.9676835280511
isohopeaphenol,642.0,2000.396188391149,1290.1942823524284
L_Arginine,74.55,709.7481019514921,861.485537737197
L_tartaric_acid,87.6,672.9637997135453,832.924574027954
L_valine,80.45172414,776.3262409028574,912.2114147622985
uric_acid,206.55517241400003,747.6656800438831,890.9191702433505
