IDENTIFIER,time,FEM_lipids_mlp5,FEM_lipids_SVM5
1_2dioleoyl_PE,1044.0,1088.3116301335294,1021.2512889954465
25OH_Cholesterol,114.0,616.0210596653418,555.6782329069622
cis_11_eicosenoic_acid,732.0,717.3591188783313,602.615149252696
lanosterol,900.0,905.7233928165277,743.6742417626261
linoleic_acid,534.0,523.7032521888564,513.5485366404779
oleic_acid,618.0,567.238386661978,533.4160144587779
Progesterone,162.0,298.05909538843605,410.5746895554496
