IDENTIFIER,time,FEM_short_mlp1,FEM_short_SVM1
epiafzelechin,933.0,1030.044267283151,935.2526635735135
kaempferol_3_rutinoside,1229.4,574.5119351220585,864.2140003346063
oxovitisin_A,1240.48965517,833.5061609707504,912.6834086932075
syringic_acid,826.8,889.8157060328017,919.149658412127
3_4_dihydroxybenzoic_acid,466.2,830.1960857768208,912.3032995524079
caffeic_acid+catechin_condensation_product,1069.2,1134.2549917520344,953.9768837925525
ethyl_gallate_,909.6,865.4206431873665,916.3482760160609
L_glutathione,101.793103446,665.5079834575557,883.2677949531825
