IDENTIFIER,time,FEM_short_mlp6,FEM_short_SVM6
epicatechin,724.2,1105.5132566669458,933.3184417991021
cis_piceid,1105.2,378.56755614548746,914.7950765698635
isorhapontin,1056.6,385.3957470542808,914.9400010067006
phenacetin,1161.0,1099.211273842729,952.6490024381665
genipin,963.6,738.2162915755817,906.365866883123
betaine,80.45172414,632.2876238358282,881.0175717795743
uracil,140.22413793,795.7433659870679,905.3733030075751
