IDENTIFIER,time,FEM_lipids_mlp3,FEM_lipids_SVM3
C16_CAR,324.0,206.2171511111209,366.0484209138215
G_CDCA,114.0,245.33944602514725,384.6198888369071
G_UDCA,90.0,245.33944602514725,384.6198888369071
oleanolic_acid,450.0,784.791685370629,633.7107034526302
Oleoyl_CAR,348.0,312.30845616109855,415.5426732320785
palmitic_acid,594.0,460.77730625818293,484.09781883794915
T_DCA,96.0,207.60339472687306,367.10735942979994
UDCA,126.0,253.72261707813684,388.4907985381732
