IDENTIFIER,time,FEM_short_mlp5,FEM_short_SVM5
3_5_dihydroxybenzoic_acid,465.0,835.8632815420412,888.7510311130881
cis_resveratrol,1222.2,1088.1804496240256,920.9814867460874
naringenin_7_glucoside,1171.8,736.0070304518172,876.718998589611
quercetin_3_sulfate,1206.6,921.9663194598797,898.6371291766584
trilobatin,1235.4,718.3934831973347,874.5937834969034
rhamnazin,1317.6,1068.3018653554325,915.3606184159316
methyl_glucuronide,145.8,607.513619298934,840.341709607192
