IDENTIFIER,time,FEM_lipids_mlp2,FEM_lipids_SVM2
1_2dioleoyl_PC,1020.0,1008.2869261478849,1037.0853104725643
Decanoic_acid,0.0,103.96235360384347,283.90914868692664
G_CA,96.0,118.93986799292719,301.0298050517456
glyceryltrioleate,1452.0,1518.597261221527,1600.952137073879
HDCA,126.0,241.80132961723345,395.94106129226867
lignoceric_acid,1068.0,899.83368466701,767.1275087428539
MiristoleicAcid,396.0,255.12245854770845,402.1522761595053
palmitoleic_acid,504.0,403.1729541539271,471.18347045320917
