IDENTIFIER,time,FEM_lipids_mlp6,FEM_lipids_SVM6
1_2dilinoleoyl_PC,882.0,1072.4646940962948,1009.9517048176581
1_palmitoyl_sn_glycero_3PC,354.0,285.4194884263496,398.7197658631693
CA,132.0,81.80040343323157,295.49690653699906
LCA,336.0,452.3135364316919,483.3772970551605
linolenic_acid,468.0,479.91628248454305,497.37887687710275
T_CDCA,90.0,223.88011978179196,367.50372740747
T_UDCA,78.0,223.88011978179196,367.50372740747
