IDENTIFIER,time,FEM_lipids_mlp1,FEM_lipids_SVM1
arachidic_acid,834.0,735.5911522164421,618.6590724475603
CDCA,192.0,237.5457703211328,391.239019919455
DCA,210.0,237.5457703211328,391.239019919455
Free_CAR,72.0,532.2295621765049,-151.19250357668318
glyceryltripalmitate,1452.0,1354.8889074522683,1422.7427696319096
MirysticAcid,480.0,293.1571834658117,416.63259038164136
Octanoic_acid,84.0,60.087155705176755,214.6061083157224
tripentadecanoate_TG15:0,1428.0,1421.6316498432814,1523.7560106648689
