IDENTIFIER,time,FEM_short_mlp9,FEM_short_SVM9
caftaric_acid,511.8,693.5014908219354,896.529984410532
kaempferol_3_glucoside,1217.1,709.5245351615528,900.4128355900926
luteolin_7_glucoside,1183.8,709.5245351615528,900.4128355900926
o_coumaric_acid,1183.8,953.2653215220985,933.6547179738433
vitisin_B,1100.9275862,898.7193455134206,926.2224885195807
proprionic_acid,237.0,811.3445123607884,914.3171225139388
xanthine,237.97241379599998,710.5090038496454,900.5776555315746
