IDENTIFIER,time,FEM_short_mlp4,FEM_short_SVM4
methyl_gallate,643.8,860.3654530811489,913.6579589495838
pallidol,1054.2,1002.7007507749223,985.1951597279145
naringin,1191.6,655.1473334576855,885.6844048779075
methylpyrano_malvidin_3_glucoside,1184.59655173,956.312406890063,926.736615480064
succinic_acid,236.4,783.8763385314282,903.2316262959314
L_tyrosine,256.8,831.9071062737474,909.7787639512667
L_proline,90.62068965600001,770.6877538154262,901.4338728209513
