IDENTIFIER,time,FEM_short_mlp10,FEM_short_SVM10
epicatechin_gallate,959.4,933.5074280200672,957.0032488758243
astringin,852.0,776.2502460518682,895.3732060488974
ellagic_acid,1220.4,853.0774932061088,925.4811335854572
fertaric_acid,710.4,756.6107221732024,887.6769108602879
isorhamnetin_3_rutinoside,1235.4,674.5034746696772,855.5008959112797
quercetin_3_glucoside,1200.0,730.4688340164348,877.4324828749102
L_isoleucine,266.4,795.5785569762868,902.9475437614906
