IDENTIFIER,time,FEM_lipids_mlp10,FEM_lipids_SVM10
1_2dioleoyl_GLP_Na,942.0,1063.365807976555,977.1170877379976
1monopalmitoleoyl_rac_GL,420.0,167.17017164731908,322.1525394337701
5alfa_colestane,552.0,931.7833285209902,738.0198606363363
betaSitosterolglucoside,756.0,508.32331878308884,485.2375763117253
C2_CAR,72.0,397.0138021748493,-190.87487074149544
G_LCA,174.0,441.0678785331682,448.4577921155968
stigmasterol,960.0,884.5749550405703,671.5032296433379
