IDENTIFIER,time,FEM_lipids_mlp9,FEM_lipids_SVM9
1oleoyl_rac_GL,528.0,320.15357112580415,418.4965709844018
campesterol,960.0,827.8298726533768,659.9505995344157
CER_893,1164.0,1045.5819027213704,975.627012929011
cis_vaccenic_acid,618.0,555.9605491979767,524.1905279263141
lupeol,912.0,851.7661516574134,694.6511656032931
PS,894.0,56.369780360185736,-151.93234475486815
uvaol,456.0,732.3295623378013,603.2430607779194
