IDENTIFIER,time,FEM_short_mlp8,FEM_short_SVM8
4_hydroxybenzoic_acid,636.0,839.5543987087134,902.8079348468482
esculetin,731.4,845.6362489203698,902.9021238310502
hesperetin,1267.8,915.8768089658887,903.9899321081737
phloridzin,1212.6,770.4628701179452,901.737921500835
phloretin,1263.6,905.5088042113953,903.8293638925745
trans_ε_viniferin,1245.375,1083.2666424274798,906.5822811188852
citramalic_acid,241.2,743.693109388431,901.3233409895278
