IDENTIFIER,time,FEM_lipids_mlp7,FEM_lipids_SVM7
brassicasterol,906.0,681.4692696891418,626.7872336448133
Cholestanol,678.0,686.9971887802247,632.0392173530428
CHOLESTEROL,918.0,679.3688513816493,624.7916612513583
D_sphingosine,258.0,275.7411816287822,310.5343632002218
erucic_acid,840.0,706.1205427343508,650.2079969170902
glyceryltripalmitoleate,1452.0,1347.699304514922,1383.8166918855914
margaric_acid,660.0,522.8218509324591,493.6009179489023
