IDENTIFIER,time,FEM_lipids_mlp8,FEM_lipids_SVM8
1linoleoyl_rac_GL,456.0,277.90402619738506,383.14690621097276
BehenicAcid,948.0,844.2697514714911,678.1795023534638
BSitosterol,996.0,851.559396561725,690.3533118483005
desmosterol,828.0,772.2927978246221,624.2695544692027
DocosahexaenoicAcid,504.0,627.9270032357829,554.1340136418615
glyceryltristearate,1494.0,1525.5204570850153,1682.0065442620426
StearicAcid,720.0,586.8153333462911,534.1612132272851
