IDENTIFIER,time,FEM_short_mlp7,FEM_short_SVM7
fraxin,756.0,699.5473248575793,849.8214028787527
myricetin,1227.6,865.9237488054382,919.7223706652351
naringenin,1262.4,911.2408482567068,938.6937308421494
piceatanol,1072.8,920.6506833136589,942.6330246679329
pterostilbene,1313.4,970.6366153802057,963.558925321239
trans_coutaric_acid,642.0,763.425940748502,876.8131188036191
epigallo_catechin_gallate,763.8,895.8797782846793,932.263037027434
