IDENTIFIER,time,FEM_lipids_mlp4,FEM_lipids_SVM4
Chol_Epoxide,768.0,633.5404105628733,574.5525233054069
ergosterol,852.0,769.2884141233731,639.1902179756958
G_DCA,126.0,240.23000595920283,383.0448918804372
Glyceryltrilinoleate,1416.0,1428.945140685421,1531.8872781895368
MCA,114.0,130.6287917534161,295.8737663687343
T_CA,84.0,107.78201363638699,274.6226540014195
T_LCA,120.0,113.54299862153493,55.593815049573436
