IDENTIFIER,time,FEM_short_mlp2,FEM_short_SVM2
gallocatechin,520.5,901.5820196500162,913.2780609870217
procyanidin_B1,579.6,1226.458184797078,1055.6574874313892
quercetin_3_4'_diglucoside,1042.8,-393.2928601387367,560.6576435754705
quercetin_4'_glucoside,1222.2,742.2385054610913,767.0355318805658
quercetin_3_rutinoside,1200.0,506.4365818540862,673.2593273010771
taxifolin,1009.2,879.5852652923082,907.936688595889
vitisin_A,1158.02068966,655.9830185522359,819.0281567153529
quinic_acid,94.8,31.34486998022612,621.4545488959475
