IDENTIFIER,time,IPB_Halle_mlp10,IPB_Halle_SVM10
Uracil,38.254000002,39.89513786133191,124.70132819552944
Tyrosine,42.933,85.92454186585881,160.47533058127908
Leucine,47.677000002,96.70903458002296,168.10108784659369
Phenylalanine,78.682000002,117.88299818104186,183.43057535539572
paba,116.752000002,152.99343629870293,208.8497662397777
H_Phe_Ile_OH,228.0,277.71113397621303,290.34712302614525
Indole_3_carbaldehyde_(I3CHO),288.0,232.01871056544115,264.9123375461289
Coniferin,180.0,121.62111314916804,46.073377005926744
