IDENTIFIER,time,IPB_Halle_mlp6,IPB_Halle_SVM6
Arginine,24.778000002,83.60768435871267,47.26929670748885
Pyroglutamic_acid,41.248000002,70.30695928782642,140.433689246585
Uridine_,42.259000002,101.00716941615678,-19.85615010849753
Adipic_acid,139.62,127.05624872657816,172.50384877680324
Azelaic_acid,321.204,256.9671628137449,243.84334259587644
H_Gly_Phe_OH,138.0,114.27390544869928,165.28029069976301
H_Val_Leu_OH,162.0,205.40499285947467,215.75375979503139
4_HO_I3CHO,306.0,234.5541796500289,231.6333959053181
