IDENTIFIER,time,IPB_Halle_mlp2,IPB_Halle_SVM2
Glycocholic_acid,475.16200000199996,483.9561810343099,353.6575198395513
lysoPC(16:0/0:0),695.88,658.1400543266726,432.32950580797575
Proline,28.891000002,71.37370245829342,113.68920569097631
1_Methyl_L_Histidine,24.442000001999997,75.08936751919191,83.64459933297428
Phe,78.0,116.27571042144923,168.48628038628485
3_Carboxy_1_2_3_4_tetrahydro_2_carboline,186.0,184.479265533291,210.40805220086193
H_Leu_Leu_OH,216.0,249.8898141131354,247.17166417248208
H_Phe_Leu_OH,246.0,277.5932930819598,260.34171904424
Syringin,192.0,79.11978725639726,51.05440759792785
