IDENTIFIER,time,IPB_Halle_mlp8,IPB_Halle_SVM8
Uric_acid,38.592,76.56182808829463,90.1943935315555
Methylmalonic_acid,43.984000001999995,72.51336683847842,111.22078858536781
phenyllactic_acid,262.249000002,111.00670862168397,168.8735966381969
Cholic_acid,536.475,492.34290194298643,350.02056098223693
Chenodeoxycholic_acid,629.4540000000001,646.789943119743,417.22666591821104
Uridine,60.0,100.56719164194094,-34.481681239388394
H_Ile_Ile_OH,186.0,252.88627271632893,243.38017041583637
Indol_3_ylmethylamine_(I3CH2NH2),108.0,229.38474982948588,231.03859071033784
