IDENTIFIER,time,IPB_Halle_mlp3,IPB_Halle_SVM3
Citrulline,27.435,75.05118894353947,72.27236730281962
Glutaric_acid,68.536000002,84.20829331860556,149.8718579609989
Riboflavin,235.339000002,78.91781259174294,30.58622081843498
Cortisone,396.38800000199996,263.1853819811305,271.10580677572233
Adenosine,42.0,82.75116731455944,-18.139057702123836
Tyr,42.0,86.48614476694874,151.380087265924
H_Phe_Gly_OH,102.0,114.09546497899241,169.66099222272072
H_Leu_Phe__OH,252.0,266.1163093030719,272.7379003230808
