IDENTIFIER,time,IPB_Halle_mlp4,IPB_Halle_SVM4
Hippuric_acid,203.295,163.45633477062174,200.4684639704618
Taurocholic_acid,453.937999998,454.160128045661,354.79579443212197
2?_Deoxyadenosine,48.0,117.69256713355966,53.81190957038666
Thymidine,96.0,132.01988012005896,42.87164612708028
H_Ile_Leu_OH,204.0,244.89199467186612,254.00469161537214
8_MeSO_Octyl_NCS,486.0,394.0266441835948,325.8422330902346
Indole_3_carboxylic_acid_(I3CO2H),282.0,252.4630636564832,257.65916511641063
Esculin,174.0,117.05385595657759,26.899064124127392
