IDENTIFIER,time,IPB_Halle_mlp5,IPB_Halle_SVM5
Adenine,31.516000002,35.34330730552612,96.85536908555915
Phenylacetic_acid,215.75800000200002,191.94054178570627,208.03420857971258
Caffeine,207.378,108.09142444056359,25.488994189522373
2?_O_Methyladenosine,66.0,135.17351045411715,2.380624326896964
H_Tyr_Ile_OH,174.0,240.05725499550272,239.5179990769705
H_Tyr_Leu_OH,192.0,240.05725499550272,239.5179990769705
H_Leu_Ile_OH,198.0,252.30635023108482,247.13768408224612
Scopoletin,270.0,213.76117939632388,223.10996572205164
