IDENTIFIER,time,IPB_Halle_mlp9,IPB_Halle_SVM9
Taurine,26.761000002,140.0709395019457,93.82852652162082
Methionine,38.592,58.51877670656491,154.79725358868006
Inosine,50.346000000000004,83.53825668616457,61.94537345924891
Tryptophan,151.789000002,161.96785533587834,199.69261734249713
Caffeic_acid,209.620000002,170.4611077703141,203.08208089503066
hydrocortisone__cortisol,393.35400000000004,238.15755935834576,230.17929292483475
Hexahomo_Met,324.0,341.9898256009073,263.0288823889522
1_MeO_I3CH2NH2,222.0,166.08661567705687,201.36191658187585
