IDENTIFIER,time,IPB_Halle_mlp1,IPB_Halle_SVM1
Adenosine,45.328000001999996,92.78703300487322,-14.427354116529784
Guanosine,66.0,98.97638998572471,-52.74146673041446
Trp,144.0,165.02508430156726,241.72391102161515
H_Leu_Pro_OH,156.0,84.29394739492484,185.00782810784415
H_Val_Phe_OH,198.0,223.91940905348918,282.99148743783695
H_Ile_Phe_OH,234.0,278.41580505834645,315.2013344965966
4_MeO_I3CH2NH2,192.0,225.46322119229518,284.07313059720576
Lariciresinol,336.0,376.90917301008074,368.1688220336238
Scopolin,198.0,78.46143524671093,64.86286923780727
