IDENTIFIER,time,IPB_Halle_mlp7,IPB_Halle_SVM7
Isoleucine,47.677000002,93.35386349369884,156.0937120964045
Pimelic_acid,208.345999998,167.18406277906234,201.0573912275348
Deoxycholic_acid,642.258,662.919781610136,430.177133247099
lysoPC(18:1(9Z)/0:0),719.802,766.3562085851983,474.8825956928755
Pentahomo_Met,276.0,290.0255542654327,268.7237531419662
H_Leu_Tyr_OH,168.0,235.51149987342384,242.62348239348984
H_Phe_Val_OH,180.0,224.75755957707892,236.12049902814402
Esculetin,204.0,178.12972176333642,207.7234588152088
