IDENTIFIER,time,Krauss_mlp2,Krauss_SVM2
2_chloro_3_cyanopyridine,102.0,113.52106463734404,116.47059320363981
ORTHO_TOLUIDINE,120.0,113.66470260950204,116.47059360395839
4_Fluoroaniline,120.0,114.49025527229209,116.47059590477078
4_7_Phenanthroline,120.0,107.78568719644406,116.4705772191622
2_6_DIMETHYLPYRIDINE,120.0,113.07367087206164,116.47059195675492
Phenylindol,84.0,103.65353575707148,116.47056570286996
