IDENTIFIER,time,Krauss_mlp5,Krauss_SVM5
Myclobutanil,114.0,103.70625773680852,109.41926339103735
BETA_PHENYL_ETHYLAMINE,120.0,114.35309499596754,117.5515346656851
O_CHLOROANILINE,126.0,110.86354195689601,115.05836418457014
1H_1_2_3_Triazole,120.0,121.92270087317762,122.24693784165211
(1_1'_BIPHENYL)_4_4'_DIAMINE,126.0,108.07821085303057,113.03571852464596
Iminostilbene,78.0,103.29666961675366,108.29652191294053
