IDENTIFIER,time,Krauss_mlp4,Krauss_SVM4
PYRAZINE,84.0,119.79564294685333,116.16958460062129
4_amino_2_chloropyridine,114.0,114.2923096376257,113.56172338707465
P_CHLOROANILINE,126.0,111.26596653392282,111.6847830656426
Adenine,120.0,124.08060360567023,117.99967897353501
N_METHYLANILINE,120.0,112.19985240059829,112.28633468270984
3_bromo_N_methylaniline,120.0,108.62444332369199,109.92076940156608
