IDENTIFIER,time,Krauss_mlp7,Krauss_SVM7
2_4DICHLORO_ANILINE,84.0,108.96606711300576,113.65688890771297
1_naphthonitrile,84.0,108.4364386765511,113.15665380409686
3_aminobenzonitril,126.0,114.5598289743895,118.94020802680019
BENZYLAMINE,120.0,114.54104174253999,118.92246344923592
2_Aminoanthracene,120.0,105.06986027550147,109.97691385932711
QUINOXALINE,120.0,112.65257414272924,117.1388020737427
