IDENTIFIER,time,Krauss_mlp10,Krauss_SVM10
2_chlorobenzonitrile,84.0,112.18893276546726,118.04787568067171
PIPERIDINE,126.0,114.09612482933984,121.39056545217723
Benzimidazole,120.0,113.15430482469534,119.5416765802276
2_methylimidazole,120.0,114.15340923012674,121.48676293296188
2_Bromoaniline,102.0,112.60991761738345,118.4631964462038
Terbutylazine,96.0,113.1238544727919,119.48135168801713
