IDENTIFIER,time,Krauss_mlp3,Krauss_SVM3
N_METHYLPYRROLE,84.0,116.60409738240837,120.51099790483869
1_HEXYLAMINE,102.0,113.90317249590375,119.50401957424344
1_Octadecylamine,96.0,113.63835231737686,110.08193890028272
INDOLE,84.0,110.43456518113415,118.21082833417256
Isophorone_diamine,126.0,114.10076164410697,119.5776861880747
3_(Trifluoromethyl)benzylamine,132.0,110.4550799014394,118.21847678041735
