IDENTIFIER,time,Krauss_mlp9,Krauss_SVM9
PHENAZINE,120.0,107.61783028418088,114.83295045025784
PHENANTHRIDINE,102.0,103.80805033418571,112.90705358488697
N_Ethylbenzylamin,120.0,112.72826822256334,117.97454981626504
BENZONITRILE,84.0,113.58823750196603,118.73160236588883
indazole,120.0,113.57153134575192,118.71689551709873
3_bromo_N_N_dimethylaniline,120.0,109.30483862898043,115.68575668204754
