IDENTIFIER,time,Krauss_mlp1,Krauss_SVM1
2_chloropyridine,84.0,114.04591694633922,118.6653418733763
PYRIDINE,120.0,113.96226377778919,120.23980468940141
Tribenzylamine,96.0,92.79017801171275,111.0653178119396
AZOBENZENE,126.0,98.45650822348043,112.96170935802363
o_Phenanthroline,84.0,108.76662840073634,116.14003267350752
PARA_PHENYLENEDIAMINE,126.0,113.86201146714532,120.79546909921987
2_Aminobenzimidazole,120.0,113.9161242386364,120.49554043881187
