IDENTIFIER,time,Krauss_mlp8,Krauss_SVM8
ISOQUINOLINE,120.0,110.81021908330489,114.82184713269439
2_Cyano_3_methylpyridine,120.0,113.72180869903094,118.40425803718377
ANILINE,120.0,113.70403553404387,118.37811980121435
1_decylamine,96.0,107.38593359046278,111.68894025804586
Diphenylamine,120.0,106.0001240443584,110.42105174144302
Phenylindol,72.0,105.19414944480933,109.68365897176992
