IDENTIFIER,time,Krauss_mlp6,Krauss_SVM6
N_N_DIMETHYLANILINE,120.0,111.13321999058509,115.3028843782489
1_NAPHTHYLAMINE,120.0,107.81018751940583,112.14304820050404
Penconazole,114.0,99.95761918030895,103.8974523903986
2_METHYLINDOLE,126.0,107.54053241956349,111.88663603860516
QUINOLINE,120.0,108.73948491797881,113.02670719732782
2_AMINOPYRIDINE,120.0,116.49336809353294,120.44245657772382
