IDENTIFIER,time,Mark_mlp3,Mark_SVM3
trans_Zeatin,456.0,515.0834698190494,439.716786919575
NICOTINAMIDE,198.0,520.0639479883471,467.0086683356452
trans_Zeatin_riboside,534.0,192.7607739643999,275.3597361102118
META_AMINOBENZOIC_ACID,330.0,519.9857361323599,467.1874034367022
Apigenin,594.0,591.4475857023563,608.925219043341
Biotin,552.0,518.6680782630202,470.1986056318488
