IDENTIFIER,time,Mark_mlp8,Mark_SVM8
META_HYDROXYBENZOIC_ACID,558.0,505.14418938762384,485.14601306216167
1_8_diaminooctane,108.0,539.5319349006384,498.93496558693676
6_methoxyquinoline,516.0,582.127540962513,588.3840796924583
Trigonelline,102.0,265.52179730435574,286.7462662803655
Citramalic_acid,312.0,189.81209330221358,324.5405316096353
