IDENTIFIER,time,Mark_mlp2,Mark_SVM2
m_Hydroxycinnamic_acid,570.0,501.5757443964774,511.1261453951039
6_7_DIHYDROXYCOUMARIN,552.0,494.12974069702364,486.3854045329568
Proline,102.0,173.91099387288304,366.81958480308333
Emodin,642.0,517.3898023151627,545.5121393953215
GUANINE,180.0,184.77514832668723,336.3541931599221
2_aminoadipic_acid,102.0,178.50493600762744,352.1205722124865
