IDENTIFIER,time,Mark_mlp10,Mark_SVM10
(_)_epigallocatechin,540.0,472.4577495142223,446.66060008949023
4_HYDROXY_3_METHOXYBENZOIC_ACID,558.0,458.49496886000816,432.0382146977756
Naringenin,600.0,593.6407614566657,567.1444592895923
P_HYDROXYBENZOIC_ACID,546.0,457.7085909056778,431.2146880810843
4_Methyl_2_oxopentanoate,564.0,456.10383574680844,392.50893709659766
