IDENTIFIER,time,Mark_mlp5,Mark_SVM5
8_HYDROXYQUINOLINE,426.0,561.5751485035502,551.7881225445631
MCPA,618.0,568.5442150219943,566.9823519976323
ALLANTOIN,96.0,218.36163179066546,315.8857885503816
Quercetin,588.0,563.4576547643768,556.0072645464653
Cytidine,198.0,258.6178768345114,174.12793553268278
