IDENTIFIER,time,Mark_mlp1,Mark_SVM1
Adenosine_3'_monophosphate,336.0,253.251510379529,110.38348949502227
Fructose_1_phosphate,84.0,361.47262164062397,-38.051327924514
Esculin,534.0,224.3448733007168,167.78352660622718
g_Guanidinobutyrate,192.0,171.96929411582732,237.57827467387182
GUANINE,186.0,153.2272032120379,252.1115433705455
Cytidine,192.0,284.82669684258417,61.797964838225084
