IDENTIFIER,time,Mark_mlp4,Mark_SVM4
(R)_2_hydroxystearic_acid,744.0,697.8791696470769,877.0665761016169
5'_Deoxy_5'_Methylthioadenosine,498.0,147.47141322861106,323.3450839343996
ADIPIC_ACID,486.0,460.83559456336894,447.460886384965
Alanylalanine,96.0,96.93485812761962,358.23011857775253
Alanylalanine,102.0,96.93485812761962,358.23011857775253
