IDENTIFIER,time,Mark_mlp7,Mark_SVM7
Glycine_Betaine,90.0,386.4896147979367,260.2689805065607
ectoine,102.0,112.42880733509588,382.2240253175044
Cytosine,96.0,125.78371868101874,360.01709200876576
DL_Cystathionine,78.0,338.4082091343206,302.77318763473636
Citrulline,90.0,238.22426484363473,331.1124998293406
