IDENTIFIER,time,Mark_mlp6,Mark_SVM6
g_Guanidinobutyrate,180.0,213.3789736667323,322.2646726045384
4_HYDROXYBENZALDEHYDE,564.0,471.55044190380926,484.1814762318402
L_thialysine,72.0,252.9625518621029,301.1363575853634
4'_5_7_TRIHYDROXYFLAVONOL,594.0,565.4138004420198,577.4743229404274
4_HYDROXY_3_METHOXYBENZALDEHYDE,570.0,471.3039461957401,484.9259491665101
