IDENTIFIER,time,Mark_mlp9,Mark_SVM9
Ketoisoleucine,552.0,452.96894636199835,385.39342151430844
Adenosine_3'_monophosphate,330.0,257.98838055627044,119.38838009613966
dehydrocostus_lactone,654.0,611.887567800527,628.567024417533
Uridine,336.0,185.8048144139659,59.22107000602682
L_(+)_Lysine,72.0,146.63571356634444,264.4640152301739
