IDENTIFIER,time,Matsuura_15_mlp4,Matsuura_15_SVM4
Man6GlcNAc_VI,1261.2,947.7473548768254,995.9032291850133
XylManGlcNAcFucGlcNAc,1651.62,1987.9191100496848,1568.6766776662996
Man5GlcNAc_VI,1242.48,1122.8894414931124,1154.8077479356455
Man5GlcNAc_II,892.68,1122.8894414931124,1154.8077479356455
Man2GlcNAcFucGlcNAc,1415.16,1890.3630456803637,1522.0014878816094
Man8GlcNAc_III,858.06,759.7506812878785,678.094191683749
Man7GlcNAc_V,1216.68,853.7490180823521,836.9987104343811
ManXylManGlcNAcFucGlcNAc,1521.3,1655.7919236081755,1409.7721589156672
Man6GlcNAc_I,753.66,947.7473548768254,995.9032291850133
