IDENTIFIER,time,Matsuura_15_mlp6,Matsuura_15_SVM6
3_Man3GlcNAc,2585.34,1726.675055448653,1470.3948758405
3_Man4GlcNAc,2456.94,1411.234151479448,1312.5944301200534
Man5GlcNAc_VI,1238.46,1098.399405677737,1154.7939843996066
Man2GlcNAcFucGlcNAc,1402.5,1824.8533363445013,1519.4364519946344
ManGlcNAcFucGlcNAc,1549.5,2140.7603218120953,1677.2368977150813
Man7GlcNAc_III,890.64,847.0903082629175,839.1930929587136
3_Man2GlcNAc,2731.26,2042.582040916247,1628.1953215609467
Man8GlcNAc_II,739.26,775.953294936067,681.3926472382668
Man7GlcNAc_V,1219.26,847.0903082629175,839.1930929587136
