IDENTIFIER,time,Matsuura_15_mlp7,Matsuura_15_SVM7
Man5GlcNAc_VI,1237.44,1126.4769986049773,1162.638433025062
Man3GlcNAc,1483.32,1759.4990116004722,1470.0272491623964
Man4GlcNAc_IV,1410.06,1442.9880051027249,1316.3328410937293
Man5GlcNAc_III,1041.78,1126.4769986049773,1162.638433025062
ManXylManGlcNAcFucGlcNAc,1521.78,1634.3231125788195,1409.243152212728
Man7GlcNAc_I,725.88,874.7405296511429,855.2496168877277
Man2XylManGlcNAc2,2043.36,1484.8393777332062,1336.6554264422703
Man5GlcNAc_II,900.78,1126.4769986049773,1162.638433025062
Man5GlcNAc_III,1042.8,1126.4769986049773,1162.638433025062
