IDENTIFIER,time,Matsuura_15_mlp8,Matsuura_15_SVM8
Man4GlcNAc_III,1309.98,1541.6623204871034,1305.093854295004
3_Man3GlcNAc,2589.36,1780.56957142206,1461.732840443886
3_Man4GlcNAc,2454.9,1541.6623204871034,1305.093854295004
Man6GlcNAc_IV,904.8,970.6948995143756,991.8158819972397
Man4GlcNAc_IV,1423.2,1541.6623204871034,1305.093854295004
3_Man2GlcNAc,2720.16,1852.706050491229,1618.3718265927678
Man2GlcNAcFucGlcNAc,1426.26,1802.9883080460936,1510.4134555895214
Man2XylManGlcNAcFucGlcNAc,1125.18,1007.3290567064431,1243.145215825883
XylManGlcNAcFucGlcNAc,1662.72,1824.1770311700507,1556.423188123647
