IDENTIFIER,time,Matsuura_15_mlp3,Matsuura_15_SVM3
Man4GlcNAc_II,1082.46,1458.475154483492,1355.2731187844547
Man2XylManGlcNAcFucGlcNAc,1121.7,1325.868866960758,1291.9647996868957
ManGlcNAcFucGlcNAc,1562.1,2227.962097458187,1725.1761597591271
Man7GlcNAc_III,881.04,880.3248415973384,875.0421808676568
Man7GlcNAc_I,729.9,880.3248415973384,875.0421808676568
Man7GlcNAc_II,837.6,880.3248415973384,875.0421808676568
Man6GlcNAc_III,922.02,981.9362385577792,1035.119160173256
Man6GlcNAc_II,869.4,981.9362385577792,1035.119160173256
Man8GlcNAc_I,639.18,778.6897078701879,714.9652015620577
