IDENTIFIER,time,Matsuura_15_mlp2,Matsuura_15_SVM2
6_Man4GlcNAc_II,1311.48,1478.7760820265198,1344.6413912020969
Man3GlcNAc,1483.86,1857.5526310513928,1501.8636625349586
Man2XylManGlcNAc2,2049.9,1529.2605653386906,1365.4304561264762
Man5GlcNAc_I,790.08,1096.9751129941196,1187.4191198692351
Man6GlcNAc_I,748.62,940.4047909025028,1030.1968485363732
Man6GlcNAc_IV,902.28,940.4047909025028,1030.1968485363732
Man6GlcNAc_III,916.92,940.4047909025028,1030.1968485363732
Man5GlcNAc_II,895.2,1096.9751129941196,1187.4191198692351
Man8GlcNAc_I,636.66,882.7453094700276,715.7523058706495
