IDENTIFIER,time,Matsuura_15_mlp10,Matsuura_15_SVM10
6_Man4GlcNAc_II,1324.62,1544.0031855655923,1305.2002262084848
Man4GlcNAc_III,1308.96,1544.0031855655923,1305.2002262084848
Man3GlcNAc,1478.28,1923.304444816693,1468.0944065490878
Man6GlcNAc_VI,1258.68,911.5566797063616,979.4118655272787
Man6GlcNAc_III,921.0,911.5566797063616,979.4118655272787
3_Man2GlcNAc,2719.62,1841.1039147200595,1630.9885868896909
Man8GlcNAc_I,635.64,796.9500850467767,653.623504846073
Man8GlcNAc_III,861.6,796.9500850467767,653.623504846073
Man8GlcNAc_III,865.14,796.9500850467767,653.623504846073
