IDENTIFIER,time,Matsuura_15_mlp1,Matsuura_15_SVM1
Man7GlcNAc_III,891.18,867.826421610043,837.0788064173721
Man7GlcNAc_I,730.92,867.826421610043,837.0788064173721
XylManGlcNAcFucGlcNAc,1661.7,1945.8206948269121,1558.6063988071664
Man2XylManGlcNAc2,2088.96,1475.067335482026,1327.8990584406981
Man7GlcNAc_II,838.62,867.826421610043,837.0788064173721
ManXylManGlcNAcFucGlcNAc,1526.88,1626.077559638486,1401.906320400049
Man8GlcNAc_II,747.36,807.6872782210747,680.3787280102537
Man6GlcNAc_VI,1259.16,927.9655649990111,993.7788848244908
Man6GlcNAc_II,868.44,927.9655649990111,993.7788848244908
