IDENTIFIER,time,Matsuura_15_mlp9,Matsuura_15_SVM9
3_Man3GlcNAc,2591.88,1834.349629284925,1470.5368612212978
Man4GlcNAc_III,1314.0,1586.5184861944049,1314.0868676103405
6_Man4GlcNAc_II,1319.58,1586.5184861944049,1314.0868676103405
Man4GlcNAc_II,1081.98,1586.5184861944049,1314.0868676103405
Man4GlcNAc_IV,1425.72,1586.5184861944049,1314.0868676103405
Man6GlcNAc_I,767.82,961.8322691082309,1001.1868803884247
ManGlcNAcFucGlcNAc,1571.76,1969.566843095755,1675.6087344534199
Man5GlcNAc_III,1046.88,996.946367027648,1157.6368739993825
Man8GlcNAc_II,744.84,770.266212673492,688.28689316651
