IDENTIFIER,time,Matsuura_15_mlp5,Matsuura_15_SVM5
3_Man4GlcNAc,2454.42,1500.7420528379737,1340.818632788403
Man4GlcNAc_II,1076.94,1500.7420528379737,1340.818632788403
Man6GlcNAc_IV,907.32,946.2002831991107,1028.5077343533164
Man7GlcNAc_V,1220.22,861.4070137579394,872.3522851357734
Man2XylManGlcNAcFucGlcNAc,1113.6,1321.0579357497184,1279.0612267530614
Man7GlcNAc_II,842.64,861.4070137579394,872.3522851357734
Man5GlcNAc_I,788.04,1046.4053858296934,1184.6631835708597
Man5GlcNAc_I,790.56,1046.4053858296934,1184.6631835708597
Man6GlcNAc_II,865.92,946.2002831991107,1028.5077343533164
