IDENTIFIER,time,MPI_Symmetry_mlp1,MPI_Symmetry_SVM1
Genistein,784.9519998,663.805433327998,590.4056046295253
Tyramine,506.793,285.6169325131319,517.6704865457906
o_Anisic_acid,608.6539998,346.54143355519335,539.2741214762096
Xanthohumol,1108.02,648.3581898572068,661.2655272012997
Rifampicin,908.3239997999999,649.7453363129556,663.4137926587807
