IDENTIFIER,time,MPI_Symmetry_mlp7,MPI_Symmetry_SVM7
Bicuculline,510.34000002,699.4288113158477,601.2361047526605
IAA_Val,728.5939998,681.23567950484,612.3114180952771
Harmane,468.459,656.6604536988607,626.6861795402763
Rotenone,1082.9200002,693.7235579395925,665.9636152283712
