IDENTIFIER,time,MPI_Symmetry_mlp8,MPI_Symmetry_SVM8
Laudanosine,503.45200002,761.3353488103712,754.8156122332991
Apomorphine,431.70199998,693.2615004128512,695.6836825690309
Emetine,456.92299998,910.4269628248621,888.2672151641545
Naringin,630.5320002000001,564.0520403316027,326.3299009962193
