IDENTIFIER,time,MPI_Symmetry_mlp6,MPI_Symmetry_SVM6
Resveratrol,687.0919997999999,680.0041424068896,636.8244804000194
Berberine,593.994,373.62567545590684,538.3764048530555
Kinetin,394.43299998,411.09698829714364,545.0580209199649
Quercetin,733.323,578.9209842490186,575.0409974363275
