IDENTIFIER,time,MPI_Symmetry_mlp4,MPI_Symmetry_SVM4
Rutin,583.464,393.00721474900837,326.77080406950256
Reserpine,754.086,821.9766747046785,716.1502693706163
Bergapten,867.5560002000001,591.4567766896271,608.2536994304814
Safranin,653.913,707.178677116548,667.9507519321958
