IDENTIFIER,time,MPI_Symmetry_mlp10,MPI_Symmetry_SVM10
Phenylalanine,136.26799998,486.78893571243646,566.6396010929029
Amentoflavone,850.4560002000001,855.6842633641884,676.3812120079808
Nicotinamide_dinucleotide,71.77549998,476.3845355333143,481.04383133124566
Tryptophan,243.972,488.4200965044944,578.3953627963142
