IDENTIFIER,time,MPI_Symmetry_mlp5,MPI_Symmetry_SVM5
4_Methylumbelliferylglucuronide,526.26400002,423.14326458631984,416.93346755236144
Biochanin_A,963.5209997999999,616.8163986810994,619.8871366924255
Salsolinol,64.8459,504.388433854474,528.7327949911149
Kaempferol,800.1529998,573.4367034292815,585.3187346532185
