IDENTIFIER,time,MPI_Symmetry_mlp3,MPI_Symmetry_SVM3
3_4_5_Trimethoxycinnamic_acid,736.035,652.7607891486074,571.7777872499292
Tetrahydropapaveroline,68.1936,657.463240384297,581.2358289540136
Indole_3_carboxylic_acid,629.1079998,654.8096357898785,575.898633167765
Vitexin_2''_O_rhamnoside,574.71199998,604.482772234403,360.44989829358656
