IDENTIFIER,time,MPI_Symmetry_mlp2,MPI_Symmetry_SVM2
(_)_Epicatechin,469.404,468.1502524116587,624.7669532746935
Chelidonine,569.96599998,655.1354430630669,664.6530192813661
Adenosine,91.46149998,444.5108858536679,445.6504767768236
S_R_Noscapine,600.2860002,688.3231060707589,692.6169511925649
