IDENTIFIER,time,MPI_Symmetry_mlp9,MPI_Symmetry_SVM9
Erythromycin,673.3660002,526.9029400175733,570.847138665683
Cinchonine,207.97600002,738.3346422202927,673.6275282666859
Sinapine,387.64399998,388.78528152906017,515.2756676819936
Phlorizin,663.825,396.98965700738773,422.6764247231206
