IDENTIFIER,time,MTBLS38_mlp9,MTBLS38_SVM9
1_8_diaminooctane,104.2890561,554.3916167046546,515.3665501395844
2_aminoadipic_acid,103.6022549,131.6373955167398,370.67088058791256
3_aminobenzoic_acid,332.5650104,511.007904178256,490.14119899979454
esculetin,554.1952647,552.3083027429262,511.71096572783426
3_coumaric_acid,572.4534585,561.9973067721613,537.700170326796
4_hydroxybenzoic_acid,547.324138,533.346695679012,501.36257005476955
vanillic_acid,556.4492415,534.9035320396807,502.14461050106473
