IDENTIFIER,time,MTBLS38_mlp2,MTBLS38_SVM2
1H_indole,613.7600061,581.6329860462841,596.1639888725515
nicotinamide,199.9471267,507.66770964804056,486.07902635492195
quinolin_8_ol,428.1005805,567.6702845919234,575.3445488612786
4_guanidinobutanoic_acid,187.03163600000002,173.70126254563104,336.8471106345568
4_hydroxybenzaldehyde,564.084884,522.3071812052266,508.0176828555924
biotin,552.7842964,510.2243539764553,489.39457937298107
cytidine,200.0494801,253.53576154574301,185.42800978773255
