IDENTIFIER,time,MTBLS38_mlp4,MTBLS38_SVM4
1H_indole_1_acetic_acid,582.765537,570.1290348002736,535.9783383734891
4_hydroxybenzoic_acid,546.2374559,491.4672773144874,485.4682777336558
cytosine,97.29202289,133.80680035317496,366.5943800235782
(R)_2_hydroxystearic_acid,743.8171191,747.2538618131454,820.3130211947964
citramalic_acid,310.4031465,175.61766815871957,342.9035322267015
D_altrose,92.74312668,224.1987276841006,130.25260029613588
D_arabinitol,56.28,237.37953212379793,164.628054626156
