IDENTIFIER,time,MTBLS38_mlp8,MTBLS38_SVM8
5'_S_methyl_5'_thioadenosine,499.18574630000006,125.94251944848243,345.9173486568709
citrulline,92.7953532,157.99259996389614,336.99362544811027
cytidine,193.4211871,263.3189616423498,228.31157093303455
guanine,184.01536069999997,105.46323157812839,351.44149280142983
(4_chloro_2_methylphenoxy)acetic_acid,616.8091772000001,572.6712002788746,532.9505589920991
cystathionine,82.04890658,239.2935140345647,314.49220615478856
vanillin,571.9012766,497.75179507717394,471.19176843879416
