IDENTIFIER,time,MTBLS38_mlp3,MTBLS38_SVM3
glycine_betaine,92.84606459,298.57613985578735,256.25733402279815
methyl_jasmonate,634.6497823,585.0722225849461,615.5187911081969
3'_AMP,332.3645617,280.99509950004267,229.2149117245699
3_hydroxybenzoic_acid,558.7628426,479.29488689545303,490.64564827313797
4_methyl_2_oxopentanoic_acid,563.4612127,402.4083264525038,454.8664433862512
adipic_acid,488.6678404,408.076855648941,457.50429669062834
emodin,643.5708524,567.7609213384344,561.1790130380289
