IDENTIFIER,time,MTBLS38_mlp10,MTBLS38_SVM10
1_methyltryptophan,550.3856252,511.80574815337167,471.6262616732703
4_guanidinobutanoic_acid,181.4428251,187.80040365050937,348.0131412432699
6_methoxyquinoline,514.100236,598.3827746717726,547.9690122176903
apigenin,595.4164882,609.4721721227455,570.8848968233531
quercetin,587.2752674,589.887777344302,530.4143723608029
guanine,177.297865,161.4034781846611,357.4159397257374
