IDENTIFIER,time,MTBLS38_mlp7,MTBLS38_SVM7
1_methyl_2_hydroadenosine,330.1871751,165.89626666492387,36.98761576576544
9_ribosyl_trans_zeatin,534.7101063,207.98496020869624,292.780287161213
dehydrocostus_lactone,656.2586344,615.1076065677461,686.5359855962533
kaempferol,598.6217765,583.00945240485,618.1644334852388
L_alanyl_L_alanine,103.121747,136.54990563631858,383.5667569964473
(_)_epigallocatechin,538.5282728999999,523.6077702247354,522.1816511904635
D_fructose_1_phosphate,89.52140601,197.51897591244057,102.01602061338457
