IDENTIFIER,time,MTBLS38_mlp6,MTBLS38_SVM6
7_methylguanosine,345.0007465,206.44516034851918,55.96053984775182
D_arabinitol,90.93368372,214.11274966605598,121.32378000102551
L_thialysine,75.54724126,196.64311895532842,311.4216600863423
uridine,337.356636,219.33649143097787,168.62188745952295
ectoine,104.9945495,125.11046648042414,382.4668339301599
esculetin,554.0788906,513.92444122584,508.75380764360216
uridine,339.9331985,219.33649143097787,168.62188745952295
