IDENTIFIER,time,MTBLS38_mlp5,MTBLS38_SVM5
(_)_epigallocatechin,538.6671874,506.8439352402635,514.5058691921673
3'_AMP,336.7004942,272.27526888804596,232.1966327872796
allantoin,97.62544863,195.2819736150663,335.70216420195504
biotin,552.5444619,484.18166172362055,491.80112596828604
cystathionine,80.92600331,256.4672444654349,304.38955884644844
ectoine,103.7053056,130.55055121828366,387.57683761243106
trans_zeatin,454.40025139999995,420.52669854020064,460.4223550936036
