IDENTIFIER,time,MTBLS38_mlp1,MTBLS38_SVM1
esculin_hydrate,536.7892895,191.38972176149892,277.5978422289715
L_lysine,73.985652,185.276600323562,354.82041461175555
N_methylnicotinate,103.7628605,187.35438357859684,295.5225640302931
proline,104.03158590000001,190.5031279091663,381.6847847924489
3_methyl_2_oxovaleric_acid,554.0876129,400.7358289765618,460.106578299295
gentiobiose,103.7657483,394.24779426955513,-92.57082974003316
L_alanyl_L_alanine,97.381419,189.44615682489462,376.25194970010716
