IDENTIFIER,time,Nikiforos_mlp9,Nikiforos_SVM9
Tilmicosin,408.0,519.6905556081234,431.97755417002514
Sulfanilamide,138.0,211.90748293255263,172.23259619005023
Marbofloxacin,252.0,231.39677122110635,217.13362083676955
Metronidazole,228.0,217.6946923007228,185.56564492064678
Sulfaguanidine,126.0,196.25186700841004,136.16390111705724
Ethopabate,360.0,342.50896964058484,366.6393970418147
