IDENTIFIER,time,Nikiforos_mlp6,Nikiforos_SVM6
Tylosin,480.0,294.84335747544577,310.7764458340342
Ractopamine,270.0,384.6641628371022,374.8375514619271
Mebendazole,498.0,417.8720019590941,392.0196904026243
Niflumic_acid,588.0,513.829939996094,431.2488332282457
Clopidol,258.0,331.9069016006454,343.5642254523429
Sulfachlorpyridazine,276.0,278.81111982731795,288.1795006945452
Methimazole,162.0,239.19761773804828,231.47914724313478
