IDENTIFIER,time,Nikiforos_mlp5,Nikiforos_SVM5
Enrofloxacin,294.0,358.9795309293995,364.97367379605754
Clenbuterol,294.0,417.42411655805546,415.9639789327107
Salbutamol,198.0,272.39750062757844,289.43469791056236
Sulfamerazine,240.0,262.53123211930114,279.1109381119485
Paracetamol,216.0,331.9226464600804,341.36774383184036
Imidocarb,240.0,335.6703036750067,344.6374082991503
Novobiocin,672.0,506.96396602103914,494.0835206643731
