IDENTIFIER,time,Nikiforos_mlp1,Nikiforos_SVM1
Lincomycin,252.0,183.30137974634377,173.75436903102818
Albendazole_Sulfone,360.0,314.75364361557615,315.00752778152975
Dapsone,252.0,286.47142285952583,296.6067608350523
Progesterone,672.0,607.5112267276166,516.2094749583642
Sulfamethizole,252.0,252.49748647647561,263.78736386431893
Oxfendazole,390.0,423.907247868413,386.02422942419696
Metoprolol,306.0,278.631906623259,291.50627341290345
