IDENTIFIER,time,Nikiforos_mlp7,Nikiforos_SVM7
Sulfapyridine,234.0,273.7042732639698,289.25225318757026
Albendazole,570.0,439.8481538223965,426.75160710249367
Ranitidine,198.0,273.3440548237343,288.822639628499
Atorvastatin,612.0,771.2536314608795,690.7107807983466
Flubendazole,522.0,427.08962022406234,416.6250017815263
Danofloxacin,282.0,327.6725154282887,335.42036744634447
Sulfisoxazole,288.0,291.5085721012751,305.3504869796294
