IDENTIFIER,time,Nikiforos_mlp8,Nikiforos_SVM8
Ceftiofur,330.0,287.64213688056395,298.66546034891047
Ronidazole,228.0,213.7510251465375,197.55684798025882
Diaveridine,246.0,244.71106331816333,241.5760290135424
Theophylline,246.0,92.2085056023844,91.57209195422422
Sarafloxacin,294.0,334.0231433482317,354.4544841127183
Thiabendazole,384.0,351.7706052355406,378.28502996551236
Moxidectin,852.0,615.0152137075726,612.3968664431552
