IDENTIFIER,time,Nikiforos_mlp3,Nikiforos_SVM3
Atenolol,198.0,267.8683803794239,286.5716627476373
Rifaximin,606.0,709.3253051379905,724.5224927156745
Sulfamoxole,288.0,279.496736913109,300.800831962699
Robenidine,624.0,507.51812562625355,449.46787213489324
Metformin,84.0,144.8439092867296,77.20549787952797
Tiamulin,468.0,673.2154464574626,572.676446298356
Oxolinic_acid,366.0,264.24096997844777,282.13294122594624
