IDENTIFIER,time,Nikiforos_mlp4,Nikiforos_SVM4
Difloxacin,306.0,396.06171741083705,369.42414709342324
Norfloxacin,270.0,262.1024274580499,265.42190480724474
Propranolol,408.0,381.5667556986413,359.2863302870909
Sulfaclozine,276.0,246.11643402850856,241.5184527334741
Sulfathiazole,222.0,276.281348862251,283.90513799446165
Azithromycin,372.0,312.18775932796177,310.7624659693703
Ternidazole,264.0,224.04385271676588,209.0559301481054
