IDENTIFIER,time,Nikiforos_mlp2,Nikiforos_SVM2
Ciprofloxacin,270.0,276.0415414172623,290.43666351632965
Morantel,270.0,362.3319529444511,378.0650797267191
Valsartan,552.0,652.1095495782287,475.5705586973887
Clarithromycin,558.0,320.3197653607922,351.9277695639014
Mabuterol,324.0,533.7556787780926,418.18651858386784
Flumequine,450.0,312.67653887387434,345.19993603207337
Ofloxacin,270.0,274.1539524035204,287.6148507329696
