IDENTIFIER,time,Nikiforos_mlp10,Nikiforos_SVM10
Sulfamethoxazole,282.0,261.5072776947087,275.3543180667301
Sulfameter,252.0,243.048013128325,239.8614522177877
Cefalexin,252.0,255.51030397590267,269.5921280825761
Sulfadoxine,288.0,243.34829455641048,240.4746028471336
Triclabendazole,714.0,644.3476604012658,608.4006287469902
Sulfadimidine,264.0,269.76489014149985,283.22688696119025
