IDENTIFIER,time,Otto_mlp5,Otto_SVM5
Dibucaine,516.0,626.4489881520581,650.4305967400877
Dopamine,54.0,190.77430671078258,154.30129387170643
Adenosine,66.0,60.858721663706746,-215.38391374944126
Phenylephrine,54.0,195.49370796051454,160.89513627208373
