IDENTIFIER,time,Otto_mlp3,Otto_SVM3
Dropropizine,174.0,129.68405936742172,151.85994146917471
Linoleic_acid,1164.0,1009.0002629348011,858.4245239613783
Cathine,162.0,223.74868503567217,263.6469603568398
Epinephrine,48.0,149.21799305414228,175.17051046187555
