IDENTIFIER,time,Otto_mlp10,Otto_SVM10
Efavirenz,780.0,607.2439604377404,658.6969805196082
Efavirenz,774.0,607.2439604377404,658.6969805196082
Meptazinol,294.0,481.7774558289347,538.2580621531176
Fosinopril,996.0,1160.2041177838935,921.9032354159156
