IDENTIFIER,time,Otto_mlp8,Otto_SVM8
Dienogest,492.0,546.3107692703554,611.7153062304806
Nateglinide,816.0,609.6808936306332,645.3856439132514
Etodolac,750.0,488.82021680034796,553.7939594811398
Hydrocodone,192.0,321.554573039031,368.9144483126181
