IDENTIFIER,time,Otto_mlp2,Otto_SVM2
Benproperine,528.0,736.7910930043519,712.3319320146301
Bufexamac,504.0,424.98756653440273,472.46205076811844
Olopatadine,420.0,537.1360815844318,585.2895856580022
Carisoprodol,528.0,409.91418003845865,457.2712365767346
Tetrazepam,606.0,539.3399480887118,587.5034784220535
