IDENTIFIER,time,Otto_mlp7,Otto_SVM7
Nateglinide,822.0,628.2499663663646,670.5254720481696
Linezolid,336.0,346.2687287703045,372.17830698056235
Bupivacaine,372.0,735.2654324489686,732.6209911183396
Meperidine,324.0,382.4989426287774,406.96430498498273
