IDENTIFIER,time,Otto_mlp9,Otto_SVM9
Praziquantel,606.0,378.642174419927,435.3129018965991
Penciclovir,66.0,122.21508588147859,-47.15091516447586
Doxazosin,432.0,236.1628736570305,303.0563233408781
Bexarotene,1140.0,1013.7306324271223,913.6604971670664
