IDENTIFIER,time,Otto_mlp6,Otto_SVM6
Bromochlorophen,990.0,893.007941002228,802.6278269484436
Niclosamide,936.0,669.685066032729,659.2178787393589
Maprotiline,510.0,664.5051563596392,655.6126948271406
Allopurinol,72.0,115.09833968250568,189.19623784733972
