IDENTIFIER,time,Otto_mlp4,Otto_SVM4
Zidovudine,258.0,88.93058201606244,152.04931058167313
Dihydrocodeine,156.0,291.55186350126843,343.67516428012345
Atropine,258.0,319.1842353633667,369.8080403974539
N_ethyl_4_methoxybenzamide,336.0,253.9299461263415,308.0948344060904
