IDENTIFIER,time,Otto_mlp1,Otto_SVM1
Methsuximide,408.0,244.88996396129278,284.2143835060906
Pioglitazone,360.0,647.1884874172871,656.5528860729318
Phenytoin,456.0,437.65088849700857,491.02567146299253
Olopatadine,426.0,567.0846043329425,599.2550040925682
Tilidine,312.0,431.5409504321949,484.5196254096667
