IDENTIFIER,time,PFR-TK72_mlp9,PFR-TK72_SVM9
cyanidin_3_glucoside,182.4,294.59361065199914,335.16793180451134
malvidin_3_glucoside,231.6,277.6926093628677,357.5187712935368
epicatechin,239.4,324.1142673064642,464.0008676396807
quercetin_3_galactoside,314.4,312.8750205610445,314.4453466685052
