IDENTIFIER,time,PFR-TK72_mlp5,PFR-TK72_SVM5
caffeic_acid_,231.6,277.194869412566,436.1271182889306
quercetin_3_rutinoside,304.2,385.5027649017033,229.35316007144968
oleuropein,423.0,312.1204359112998,304.87690538216043
lariciresinol,434.4,484.02755155087675,540.7155626212957
asiatic_acid,763.2,833.7732756289503,711.3594890095385
