IDENTIFIER,time,PFR-TK72_mlp4,PFR-TK72_SVM4
cyanidin_3_galactoside,168.0,283.4940361050194,341.0317737584661
phloridzin,406.2,281.1216635007861,344.3029238710753
luteolin,465.0,416.1294818048468,515.0624574805561
isorhamnetin,555.0,417.1404864717083,515.6534635933384
18beta_glycyrrhetinic_acid,997.8,1055.8437966422127,798.8965792263214
