IDENTIFIER,time,PFR-TK72_mlp6,PFR-TK72_SVM6
kaempferol_3_rutinoside,338.4,357.1286850387259,247.4454561520755
naringenin_7_O_neohesperidoside,370.8,343.6196816287632,263.7638643294555
secoisolariciresinol,411.6,382.86224115559315,499.20800939069625
caffeic_acid_phenylethyl_ester,730.2,454.6135504710972,555.1353186474138
