IDENTIFIER,time,PFR-TK72_mlp1,PFR-TK72_SVM1
hydroxytyrosol,147.6,255.15433294249365,405.2916840977196
procyanidin_B1,148.2,542.5774519297121,577.0344897120898
quercetin_4'_glucoside,375.0,301.02333444202293,320.12545620352944
hesperetin_7_rutinoside,383.4,339.76434792096194,275.21962695022927
quercetin,468.0,394.4011141042975,503.82715596095926
