IDENTIFIER,time,PFR-TK72_mlp2,PFR-TK72_SVM2
quercetin_3_rhamnoside,361.2,233.18658046390257,377.42769569039643
pinoresinol,504.6,512.8254500569028,581.2077738770531
naringenin,532.8,427.1435445932854,529.8912507638262
kaempferol,540.6,402.5960491509018,512.7304261154958
betulinic_acid,1127.4,1179.7453392202856,875.3405367396222
