IDENTIFIER,time,PFR-TK72_mlp8,PFR-TK72_SVM8
gallic_acid,96.0,295.7885933798233,409.6000394367968
protocatechuic_acid,144.6,299.4560513849057,427.2923942008394
quercetin_3_glucoside,320.4,317.5236452863308,347.06982499390836
oleanolic_acid,1152.0,1200.0358359670797,814.1684235113044
