IDENTIFIER,time,PFR-TK72_mlp3,PFR-TK72_SVM3
7_hydroxycoumarin,325.8,303.7048314877343,459.1886632432722
hesperetin_7_O_neohesperidoside,396.6,338.6469553463068,270.62413392934724
alpha_solanine,474.6,240.26697479495297,363.7843288502597
alpha_chaconine,478.2,263.35683922565937,436.7614719366522
abietic_acid,1158.0,824.6152865641343,722.4915590267568
