IDENTIFIER,time,PFR-TK72_mlp7,PFR-TK72_SVM7
catechin,191.4,348.6210258215328,415.49073579697784
chlorogenic_acid,192.6,313.7195611811793,210.84500221752438
p_coumaric_acid,302.4,342.4491264600381,410.2532240935986
tomatin,453.0,545.8927882377726,19.325723994489977
