IDENTIFIER,time,PFR-TK72_mlp10,PFR-TK72_SVM10
procyanidin_B2,211.8,523.766677823163,570.5480176209718
p_coumarlyquinnic_acid,252.6,299.25624324801385,339.43743952501643
hesperetin,558.0,463.2750571583821,537.6407442121199
ursolic_acid,1155.0,1162.153849385254,853.3157636284093
