IDENTIFIER,time,Taguchi_mlp5,Taguchi_SVM5
Triacylglycerol_14:0_16:0_18:2,3710.8900200000003,3494.7066643076023,3487.084360650523
Triacylglycerol_16:1_18:2_18:2,3363.2700600000003,3654.7875834246165,3652.2333101949685
Triacylglycerol_16:0_16:0_16:0,3913.6299,3575.4318463927248,3570.365235702202
Triacylglycerol_14:0_16:1_18:1,3494.4699,3494.7066643076023,3487.084360650523
Triacylglycerol_15:0_18:1_18:1,3794.6500200000005,3705.5831834911255,3704.637057241996
Triacylglycerol_15:0_16:0_18:1,3809.11008,3605.3614284113382,3601.2423637068537
