IDENTIFIER,time,Taguchi_mlp3,Taguchi_SVM3
Triacylglycerol_14:0_16:1_18:3,3314.9199,3502.095254452874,3419.279163821025
Triacylglycerol_17:1_18:1_18:1,3784.53,3796.0686692861022,3844.4286093250435
Triacylglycerol_18:2_18:2_18:2,3377.2599600000003,3763.1893417402675,3789.3126614346857
Triacylglycerol_17:1_18:1_18:1,3958.5099600000003,3796.0686692861022,3844.4286093250435
Triacylglycerol_16:0_16:0_16:0,3712.1299200000003,3642.9981046971843,3594.4614600599766
Triacylglycerol_16:0_18:1_22:5,3571.29,3854.7424844482894,3941.854210012398
Triacylglycerol_16:0_16:0_18:1,3896.5800600000002,3709.758927941714,3703.207434577951
