IDENTIFIER,time,Taguchi_mlp6,Taguchi_SVM6
Triacylglycerol_17:0_18:1_18:1,3959.13984,3771.3382442064876,3854.4617224960593
Triacylglycerol_6:0_16:0_18:1,2977.32012,2848.0019135131733,2988.426422767922
Triacylglycerol_18:0_18:1_18:1,4061.9101200000005,3790.696268162458,3924.158331004703
Triacylglycerol_18:1_18:2_18:2,3548.5899600000002,3759.0812927115353,3804.096498352029
Triacylglycerol_14:0_16:1_18:3,3359.40996,3483.423995716609,3425.9374581843936
Triacylglycerol_14:0_16:1_18:2,3521.2399200000004,3544.006393030905,3465.9580690686184
