IDENTIFIER,time,Taguchi_mlp1,Taguchi_SVM1
Triacylglycerol_14:0_16:1_18:2,3321.12006,3567.228831028254,3495.386589190206
Triacylglycerol_18:2_18:2_18:2,3543.9298799999997,3758.2620224767907,3822.584547303213
Triacylglycerol_16:0_18:0_18:1,3886.41996,3795.580642699909,3889.2163740842275
Triacylglycerol_12:0_18:2_18:2,3170.2999800000002,3508.146426911699,3451.4621359855355
Triacylglycerol_12:0_12:0_18:2,2949.4599,2962.0935599179425,3080.339724667856
Triacylglycerol_16:0_17:1_18:1,3781.29,3736.157895869984,3768.7967012583863
Triacylglycerol_16:1_18:1_18:1,3725.09994,3748.534467034598,3801.3674676748856
