IDENTIFIER,time,Taguchi_mlp4,Taguchi_SVM4
Triacylglycerol_16:0_18:0_18:1,4075.31982,3828.9813811449335,3845.9865133512076
Triacylglycerol_15:0_18:1_18:2,3620.9301,3675.0748356241775,3680.05430506404
Triacylglycerol_10:0_16:0_18:1,3331.24008,3255.885632115968,3228.111276956274
Triacylglycerol_14:0_16:1_18:1,3705.3300600000002,3501.298718184383,3492.6999932848403
Triacylglycerol_18:1_18:2_18:2,3648.33,3807.7161646179043,3823.059714974339
Triacylglycerol_18:1_18:1_18:2,3718.27998,3848.850953063972,3867.4086168432395
Triacylglycerol_12:0_16:0_18:1,3522.9,3399.1595693732093,3382.5800860550075
