IDENTIFIER,time,Taguchi_mlp9,Taguchi_SVM9
Triacylglycerol_14:0_16:0_18:2,3516.8099399999996,3600.7157106286254,3508.1797677858913
Triacylglycerol_17:1_18:2_18:2,3448.78992,3752.455425806281,3760.3060431901918
Triacylglycerol_18:1_18:1_18:2,3692.59002,3795.2656365440002,3881.409481380088
Triacylglycerol_16:1_18:2_18:2,3533.4501,3725.260729162763,3683.3764694434435
Triacylglycerol_12:0_12:0_18:1,3133.59006,3053.529671338258,3090.776189748548
Triacylglycerol_16:0_16:0_18:0,4089.19008,3748.9489063467345,3750.3866441656814
