IDENTIFIER,time,Taguchi_mlp8,Taguchi_SVM8
Triacylglycerol_12:0_16:0_18:1,3501.0099600000003,3397.69838339372,3400.6664386836087
Triacylglycerol_18:0_18:1_18:1,4045.6901399999997,3933.7940240216503,3947.160336641386
Triacylglycerol_12:0_18:2_18:2,3326.07012,3417.773861188907,3421.078838489958
Triacylglycerol_10:0_16:0_18:2,3135.5301,3211.3786532465265,3211.219748429121
Triacylglycerol_14:0_16:0_16:0,3729.8000399999996,3439.259446481722,3442.9250112956433
Triacylglycerol_16:0_18:1_22:5,3765.1300200000005,3911.857746677143,3925.3141638357006
