IDENTIFIER,time,Taguchi_mlp10,Taguchi_SVM10
Triacylglycerol_13:0_16:0_18:0,3821.2600799999996,3516.2183754558814,3512.860967549124
Triacylglycerol_10:0_16:0_18:2,3152.7301199999997,3231.0620668156484,3223.72988774647
Triacylglycerol_4:0_18:1_18:2,2621.7501,2916.6377220479094,2904.922806982795
Triacylglycerol_16:1_18:1_18:1,3671.5999799999995,3741.499436196497,3741.2822031220667
Triacylglycerol_10:0_16:0_18:1,3313.8,3270.5325068671914,3263.750503130388
Triacylglycerol_17:0_18:1_18:1,3969.4002,3849.708352427089,3850.9994348509235
