IDENTIFIER,time,Taguchi_mlp7,Taguchi_SVM7
Triacylglycerol_4:0_16:0_18:1,2819.33004,2658.8983491586514,2794.286306740576
Triacylglycerol_15:0_18:1_18:1,3775.0701,3741.037990595571,3739.705855331447
Triacylglycerol_14:0_16:0_16:0,3727.0200600000003,3508.1024916391625,3446.657586860797
Triacylglycerol_15:0_18:1_18:2,3625.62996,3727.498939140803,3696.016795672595
Triacylglycerol_4:0_16:0_18:2,2615.5899600000002,2629.6152093791934,2750.5972470817214
Triacylglycerol_17:1_18:2_18:2,3618.4000200000005,3747.577835985776,3760.8092314702326
