IDENTIFIER,time,Taguchi_mlp2,Taguchi_SVM2
Triacylglycerol_16:0_18:1_18:1,3881.41986,3764.018349327361,3781.071984871095
Triacylglycerol_18:1_18:1_20:4,3567.1701,3846.7125622032945,3897.4427734203873
Triacylglycerol_15:0_16:0_18:1,3804.7400399999997,3646.292487514529,3615.3259324866954
Triacylglycerol_16:0_18:1_18:1,3870.16986,3764.018349327361,3781.071984871095
Triacylglycerol_16:0_16:0_18:1,3902.85006,3694.823459397849,3683.652610110234
Triacylglycerol_10:0_18:1_18:2,3149.22,3372.2302618340636,3331.87793864365
Triacylglycerol_12:0_16:0_16:0,3515.38008,3342.677614547613,3312.926524855219
