IDENTIFIER,time,Tohge_mlp3,Tohge_SVM3
3_3'_4'_5_tetrahydroxy_7_methoxyflavone,1345.8,1291.9174408926915,1086.6214397071135
Datiscetin_3_O_rutinoside,624.0,783.3210266227,591.6001905081017
Luteolin_6_C_glucoside,436.2,679.4162799524327,751.5142135139987
Isorhamnetin_3_O_glucoside,740.4,683.2724440195185,747.0527466536662
Kaempferol_3_O_rutinoside,682.2,783.3210266227,591.6001905081017
Myricetin,751.2,728.6885895492827,1006.3419125275145
Quercetin_4'_glucoside,741.0,793.585369144457,706.3351424765341
Ononin,972.0,421.20662496852333,865.7385156610684
