IDENTIFIER,time,Tohge_mlp8,Tohge_SVM8
Luteolin,1191.0,1300.8061038070757,1003.6852132392876
Acacetin_7_O_neohesperidoside,1289.4,914.9002249850452,641.7579317768021
Neohesperidin_dihydrochalcone,1275.6,676.4873399175962,577.46783047533
Eriodictyol_7_O_glucoside,557.4,707.382539601095,698.6629619940736
Phlorizin,895.8,672.2642390208867,711.4809993854408
2'__6'_dihydroxy_4_methoxychalcone_4'_O_neohesperidoside,1317.0,925.5233504495735,621.5665829685659
"Kaempferol_3_O_(6""""_p_coumaroyl)_glucoside",1290.0,697.8000094641599,938.1838662026673
3_3'_4'_5_7_pentahydroxy_flavylium,555.0,1180.7966461330386,1077.3595290713201
