IDENTIFIER,time,Tohge_mlp5,Tohge_SVM5
FLAVANONE_(3_3_D2),1396.8,1063.6334122885135,1141.709814042747
Apigenin_6_C_glucoside__7_O_glucoside,406.8,337.6589615097237,520.0141648849635
Malvidin_3_galactoside,427.2,613.2336967861226,853.7583693845385
(+)_3_3'_4'_5_7_Pentahydroxyflavan,367.2,924.8535121065017,944.6932116038836
Vitexin_2''_O_rhamnoside,513.6,1001.8920368088392,667.0779384542437
Quercetin,1155.6,1053.0795319755541,991.8299937466736
Luteolin_3'__7_di_O_glucoside,482.4,182.0513813951571,484.1522364930057
Rutin,535.2,688.1989128792358,599.8128223210837
