IDENTIFIER,time,Tohge_mlp2,Tohge_SVM2
Genistein,1299.6,1273.011240485541,1033.2322018400353
Cyanidin_3_O_galactoside,355.2,582.2072371890662,801.0987506322253
Hesperidin,1126.2,889.5511298485582,638.368420748712
Naringenin_7_O_glucoside,736.8,634.7586002517965,758.8984376051085
Luteolin_7_O_glucoside,594.6,656.3379739504979,734.836855615963
Quercetin_3_O_arabinoglucoside,474.6,351.6161933878392,541.170206032119
4'_5_7_TRIHYDROXYFLAVONOL,1311.6,1229.9248982491702,1002.0949282681474
Quercitrin,714.6,562.9155356386831,812.3838969981235
