IDENTIFIER,time,Tohge_mlp1,Tohge_SVM1
Isorhamnetin_3_O_rutinoside,727.8,731.943063080638,557.614450823379
Kaempferol_7_neohesperidoside,756.6,726.2852775470205,556.2998556000649
(_)_Epicatechin,367.8,867.9883155327243,1005.5245581901247
3_4'_5_7_tetrahydroxy_3'_5'_dimethoxyflavylium__chloride,847.8,1315.8012321816966,1261.4731909711227
Quercetin_3_O_beta_glucopyranosyl_6''_acetate,756.0,651.2868408025677,774.0640829410883
Rhoifolin,811.8,983.3912323531536,601.3018130121084
kaempferol_3_O_robinoside_7_O_rhamnoside,467.4,528.22509209643,327.1169930053744
Kaempferol_7_neohesperidoside,772.8,726.2852775470205,556.2998556000649
