IDENTIFIER,time,Tohge_mlp10,Tohge_SVM10
3_5_7_trihydroxy_4'_methoxyflavone,1369.8,1302.3097728511773,1076.4344992242568
3'_4'_5_7_tetrahydroxyflavanone,1057.2,1134.4258410051914,1035.2721105469486
Eriodictyol_7_O_neohesperidoside,579.6,674.7843416531211,626.3078103902222
Daidzein_8_C_glucoside,359.4,513.3201123065458,831.6968906327384
Peonidine_3_O_glucoside_chloride,437.4,526.2009404287415,864.9584153033175
Cyanidin_3__5_di_O_glucoside,315.0,465.60978046801733,550.0477807590804
Okanin_4'_O_glucoside,568.2,615.5978639384805,742.417127356707
