IDENTIFIER,time,Tohge_mlp6,Tohge_SVM6
Maritimetin_6_O_glucoside,550.2,623.3861990009557,752.8676058309081
Daidzein,972.6,1173.6773029480019,1136.45299845624
Apigenin_8_C_glucoside,511.2,695.849945949998,810.6943138639488
Kaempferol_3_O_glucoside,696.6,646.8477194737063,771.2915184835105
Luteolin_4'_O_glucoside,742.2,646.8477194737063,771.2915184835105
Syringetin_3_O_glucoside,753.6,649.3187108988819,773.3073664327774
Malvidin_3_O_glucoside_chloride,460.8,511.9130805988833,881.2372720420744
Luteolin_8_C_glucoside,442.2,652.852803286051,776.1904978020775
