IDENTIFIER,time,Tohge_mlp9,Tohge_SVM9
Apigenin,1308.0,1101.811240351981,1038.0419090717307
Naringenin,1300.8,1084.948670289309,1032.0360371015656
4_Deoxyphloridzin,925.8,612.4031127208284,814.9717944010764
4'_5_dihydroxy_7_methoxyflavone,1363.8,1161.3217454610528,1059.2375200157671
4'_hydroxyisoflavone_7_O_glucoside,415.8,566.0579556129588,837.621742055377
Cyanidin_3_glucoside,370.8,559.1328171945415,841.0062169922264
Malvidin_3__5_di_O_glucoside_chloride,352.2,640.4747502134178,642.1301605571412
3_(4_HYDROXY_3_5_DIMETHOXYPHENYL)_2_PROPENOIC_ACID,483.6,824.6536671119844,942.0197766458888
