IDENTIFIER,time,Tohge_mlp4,Tohge_SVM4
Baicalein_7_O_glucuronide,1134.0,581.7628557367667,770.8128957736606
Diosmetin_7_O_neohesperidoside,897.6,946.0711582753606,648.1745195379351
Naringenin,1295.4,1284.6582818300183,1006.5226801825645
Isosakuranetin,1365.0,1188.2079102228934,1036.687001961462
apigenin_7_O_glucoside,760.2,619.712013545984,761.6242261360621
3'_METHOXY_4'_5_7_TRIHYDROXYFLAVONOL,1317.6,1163.499467017425,984.730699861109
Isoquercitrin,555.0,843.9906020126682,703.0078807122491
Hyperoside,537.0,843.9906020126682,703.0078807122491
