IDENTIFIER,time,Tohge_mlp7,Tohge_SVM7
Acacetin,1364.4,1258.366289144859,1065.176319826668
Acacetin_7_O_rutinoside,1283.4,932.825057309843,653.5194421684353
Hesperetin_7_O_neohesperidoside,915.6,912.9453075415981,613.0493515864321
Isosakuranetin_7_O_neohesperidoside,1295.4,979.5957681932588,646.0258106712416
Isookanin_7_glucoside,383.4,688.6419611230633,707.7222565405118
Myricitrin,525.0,554.2751589244671,764.3669418638414
Syringetin_3_O_galactoside,730.2,666.2962065948809,717.1425018157581
Pelargonidin_chloride,721.8,1353.545446180778,1101.4123405941136
