IDENTIFIER,time,FEM_lipids_mlp4,FEM_lipids_SVM4
Chol_Epoxide,768.0,464.52612629393377,483.7486787449218
ergosterol,852.0,466.1987289985258,499.77278366763494
G_DCA,126.0,451.44143668167726,314.72072167340025
Glyceryltrilinoleate,1416.0,1471.6488948150363,1233.706509181372
MCA,114.0,462.8780387522337,468.24418916533443
T_CA,84.0,479.72707401264586,365.1138683863556
T_LCA,120.0,483.9145285034408,507.2733278602318
