IDENTIFIER,time,FEM_lipids_mlp9,FEM_lipids_SVM9
1oleoyl_rac_GL,528.0,430.09040378595495,529.6499452447791
campesterol,960.0,423.1876101185356,435.36892993635274
CER_893,1164.0,545.6132320625868,320.70865871904766
cis_vaccenic_acid,618.0,441.55189619761126,524.597221167428
lupeol,912.0,419.0832397363323,367.3384135999571
PS,894.0,456.62099155426665,298.7080681248543
uvaol,456.0,416.5613170946213,328.0546240085424
