IDENTIFIER,time,FEM_short_mlp5,FEM_short_SVM5
3_5_dihydroxybenzoic_acid,465.0,429.5892746027953,394.0113113151501
cis_resveratrol,1222.2,745.7836206462522,1000.4583364486972
naringenin_7_glucoside,1171.8,1096.3205616929185,1125.0314812547158
quercetin_3_sulfate,1206.6,1093.6432487686031,817.2929141335225
trilobatin,1235.4,1096.3462558250053,1134.0259653473986
rhamnazin,1317.6,1019.2249997108645,708.9988625284648
methyl_glucuronide,145.8,671.5646581848673,857.3375609316671
