IDENTIFIER,time,FEM_lipids_mlp7,FEM_lipids_SVM7
brassicasterol,906.0,435.4950674379053,387.6256287323917
Cholestanol,678.0,436.766818014011,411.14174471974695
CHOLESTEROL,918.0,437.0233311867403,416.38092435276576
D_sphingosine,258.0,448.11409046300355,613.3090742566408
erucic_acid,840.0,443.14198468386576,563.6531821564352
glyceryltripalmitoleate,1452.0,1201.1221634184494,1031.8650584923078
margaric_acid,660.0,451.8093561189577,574.2259465945876
