IDENTIFIER,time,FEM_short_mlp6,FEM_short_SVM6
epicatechin,724.2,918.837691107454,972.2176021217315
cis_piceid,1105.2,1100.277250737969,1156.5396733151317
isorhapontin,1056.6,1108.1100096444893,1174.9942947610732
phenacetin,1161.0,498.99744811528643,534.3422305681415
genipin,963.6,692.9838335177915,736.3163803075932
betaine,80.45172414,254.2108548041446,302.04658767966214
uracil,140.22413793,235.65796227234043,287.23192406584064
