IDENTIFIER,time,FEM_short_mlp4,FEM_short_SVM4
methyl_gallate,643.8,642.0456514723936,624.4375689919887
pallidol,1054.2,1135.376370260359,1127.4929874429286
naringin,1191.6,1103.9622540365822,1144.9899800661196
methylpyrano_malvidin_3_glucoside,1184.59655173,1125.9833376924469,1155.3772044864018
succinic_acid,236.4,198.56930993392592,255.8136235734206
L_tyrosine,256.8,624.1210479447412,605.7551788265778
L_proline,90.62068965600001,177.85468100710972,244.2808761087282
