IDENTIFIER,time,FEM_lipids_mlp5,FEM_lipids_SVM5
1_2dioleoyl_PE,1044.0,1014.1835120304747,1081.8714592334413
25OH_Cholesterol,114.0,521.0705490666859,480.50552356268895
cis_11_eicosenoic_acid,732.0,617.104747781349,605.6654136451023
lanosterol,900.0,420.04185468814046,409.7035959641293
linoleic_acid,534.0,549.2874657102793,559.6824071675927
oleic_acid,618.0,553.8343369880747,563.9103174847053
Progesterone,162.0,625.9825228389623,608.6064126910808
