IDENTIFIER,time,FEM_short_mlp10,FEM_short_SVM10
epicatechin_gallate,959.4,1109.6695962186277,1107.0984003280346
astringin,852.0,1072.8775004545048,1105.1782152198334
ellagic_acid,1220.4,966.3594301010282,1097.8919891993114
fertaric_acid,710.4,990.9593967678458,1116.6952892110758
isorhamnetin_3_rutinoside,1235.4,1060.1776833116874,1070.4067289303891
quercetin_3_glucoside,1200.0,1132.112388689903,1112.775217095587
L_isoleucine,266.4,281.57042466637654,270.68844825701774
