IDENTIFIER,time,FEM_short_mlp3,FEM_short_SVM3
isorhamnetin_3_glucoside,1231.8,1107.7713620722611,1079.0271856191735
quercetin_3_glucuronide,1194.6,1107.7699640721914,1079.041374830295
isohopeaphenol,642.0,1194.004022543521,870.2685533065439
L_Arginine,74.55,584.8358071645041,566.5359089300424
L_tartaric_acid,87.6,447.78870474777364,392.88158433115746
L_valine,80.45172414,260.62320763349067,228.3666587377819
uric_acid,206.55517241400003,550.2188842056051,520.8726975057359
