IDENTIFIER,time,FEM_lipids_mlp3,FEM_lipids_SVM3
C16_CAR,324.0,579.325385558705,596.0746627671205
G_CDCA,114.0,397.856560570583,661.6808482487136
G_UDCA,90.0,397.856560570583,661.6808482487136
oleanolic_acid,450.0,375.8014927799656,670.9664006124412
Oleoyl_CAR,348.0,484.6858639274736,630.2288105912112
palmitic_acid,594.0,462.711838254443,408.2570189258019
T_DCA,96.0,306.8388264815091,727.3736061919547
UDCA,126.0,604.898919401448,586.8455136738605
