IDENTIFIER,time,FEM_short_mlp2,FEM_short_SVM2
gallocatechin,520.5,983.7658122176324,1104.9044569913074
procyanidin_B1,579.6,1196.804896660172,1151.010285144975
quercetin_3_4'_diglucoside,1042.8,1204.2956105793176,1119.8018233144126
quercetin_4'_glucoside,1222.2,1117.067382183396,1110.20896288403
quercetin_3_rutinoside,1200.0,1207.6025012672044,1134.2191013291108
taxifolin,1009.2,982.0661242488833,1102.7734571574802
vitisin_A,1158.02068966,1185.6566862010877,1153.3303768648095
quinic_acid,94.8,671.2989520412983,649.0231292853513
