IDENTIFIER,time,FEM_short_mlp7,FEM_short_SVM7
fraxin,756.0,1003.4604908935364,1084.3645041489413
myricetin,1227.6,889.999559953936,1025.2253045372895
naringenin,1262.4,858.257177987299,926.8828802483916
piceatanol,1072.8,845.3930961354091,831.9324291859488
pterostilbene,1313.4,851.8652522641129,876.36447962236
trans_coutaric_acid,642.0,867.2661559929975,985.9452512065611
epigallo_catechin_gallate,763.8,1154.4594111794859,1150.3837322286324
