IDENTIFIER,time,FEM_short_mlp8,FEM_short_SVM8
4_hydroxybenzoic_acid,636.0,306.7049428038043,315.47835449830717
esculetin,731.4,535.9371482662709,509.12311430395124
hesperetin,1267.8,924.635364974926,938.1068732071502
phloridzin,1212.6,1079.6835054376213,1098.047464221529
phloretin,1263.6,887.6912015479884,889.4151976306763
trans_ε_viniferin,1245.375,1098.3004430795368,1122.7262601199955
citramalic_acid,241.2,363.93710084535695,359.9956027536221
