IDENTIFIER,time,FEM_lipids_mlp2,FEM_lipids_SVM2
1_2dioleoyl_PC,1020.0,1168.5217442456235,1126.7922154598527
Decanoic_acid,0.0,265.51038076462595,369.76334026233957
G_CA,96.0,334.8052542254736,409.25275594196535
glyceryltrioleate,1452.0,1539.1321473815078,1153.9672271740164
HDCA,126.0,534.9598689137376,516.2027912325673
lignoceric_acid,1068.0,600.5373496867443,540.8826475766917
MiristoleicAcid,396.0,398.4769644000691,417.081581851029
palmitoleic_acid,504.0,467.42976088473864,459.61061481723056
