IDENTIFIER,time,FEM_short_mlp1,FEM_short_SVM1
epiafzelechin,933.0,987.837237687586,1184.9464000610242
kaempferol_3_rutinoside,1229.4,1071.2842842623106,1118.5748280517125
oxovitisin_A,1240.48965517,1131.0292292958964,1112.0717826686912
syringic_acid,826.8,647.5260770081507,690.2209676089095
3_4_dihydroxybenzoic_acid,466.2,405.6594507376073,353.7811124132329
caffeic_acid+catechin_condensation_product,1069.2,1098.4179393853658,1149.1229307705694
ethyl_gallate_,909.6,647.5260770081507,690.2209676089095
L_glutathione,101.793103446,1008.3564591856064,985.2487707357111
