IDENTIFIER,time,FEM_short_mlp9,FEM_short_SVM9
caftaric_acid,511.8,992.6082250938944,1104.6433633533384
kaempferol_3_glucoside,1217.1,1093.6515987421246,1121.8331218709486
luteolin_7_glucoside,1183.8,1093.6515987421246,1121.8331218709486
o_coumaric_acid,1183.8,437.7224734649284,430.3144514251684
vitisin_B,1100.9275862,1142.2852229104417,1149.2720479766165
proprionic_acid,237.0,-151.3800451966034,132.11826863782858
xanthine,237.97241379599998,358.93873391590614,360.8852615544124
