IDENTIFIER,time,FEM_lipids_mlp1,FEM_lipids_SVM1
arachidic_acid,834.0,547.7786155649668,602.5370969538794
CDCA,192.0,601.4592761939094,672.6655415376279
DCA,210.0,601.4592761939094,672.6655415376279
Free_CAR,72.0,414.19174125898206,478.4445263500578
glyceryltripalmitate,1452.0,1194.9270839450528,1057.9295256499784
MirysticAcid,480.0,473.48843880810415,349.42459991594757
Octanoic_acid,84.0,399.1969812847813,547.4729956032826
tripentadecanoate_TG15:0,1428.0,1337.9395411830676,1184.0547138849804
