IDENTIFIER,time,FEM_lipids_mlp6,FEM_lipids_SVM6
1_2dilinoleoyl_PC,882.0,1166.0075256891823,1137.105983492467
1_palmitoyl_sn_glycero_3PC,354.0,286.97328387726435,729.2561941279835
CA,132.0,510.6516567556802,605.3047916156428
LCA,336.0,667.4594121301091,559.7472159762501
linolenic_acid,468.0,487.432189033571,420.0119743633939
T_CDCA,90.0,304.16687562707494,735.0594530287323
T_UDCA,78.0,304.16687562707494,735.0594530287323
