IDENTIFIER,time,FEM_lipids_mlp10,FEM_lipids_SVM10
1_2dioleoyl_GLP_Na,942.0,1142.0359236628244,1126.9674061846094
1monopalmitoleoyl_rac_GL,420.0,681.1044787866872,593.1173773648532
5alfa_colestane,552.0,620.84254400705,537.7650375933187
betaSitosterolglucoside,756.0,497.66908214191113,324.0390322221877
C2_CAR,72.0,335.6566493946209,337.2856285893175
G_LCA,174.0,388.75855663961624,365.1523670546005
stigmasterol,960.0,467.95889108136504,428.63330032544945
