IDENTIFIER,time,FEM_lipids_mlp8,FEM_lipids_SVM8
1linoleoyl_rac_GL,456.0,661.4232619170289,519.1888976554808
BehenicAcid,948.0,671.7800179565193,533.8490509671956
BSitosterol,996.0,449.6185995578574,390.4729109471589
desmosterol,828.0,567.102104935439,463.7683497162531
DocosahexaenoicAcid,504.0,640.2200493965317,539.762500037669
glyceryltristearate,1494.0,1536.952765120123,1240.7086328602197
StearicAcid,720.0,519.160300310587,506.8640707421828
