IDENTIFIER,time,IPB_Halle_mlp4,IPB_Halle_SVM4
Hippuric_acid,203.295,163.7417124578155,111.83528927952997
Taurocholic_acid,453.937999998,725.027237619227,528.5846398196423
2?_Deoxyadenosine,48.0,152.49169245034,201.0838806504198
Thymidine,96.0,160.43477685134644,189.9202218804767
H_Ile_Leu_OH,204.0,158.54816266902623,192.5256947647762
8_MeSO_Octyl_NCS,486.0,168.45097518469748,178.98689483889854
Indole_3_carboxylic_acid_(I3CO2H),282.0,134.39513905191586,89.5265468790277
Esculin,174.0,279.2308472604837,311.34343135016405
