IDENTIFIER,time,IPB_Halle_mlp5,IPB_Halle_SVM5
Adenine,31.516000002,79.28266660001125,55.682987498866964
Phenylacetic_acid,215.75800000200002,81.4631888654483,56.93798438236087
Caffeine,207.378,200.14452468807613,128.3546893879305
2?_O_Methyladenosine,66.0,159.86881794424048,235.49451156550015
H_Tyr_Ile_OH,174.0,173.0012637075381,251.58677062359152
H_Tyr_Leu_OH,192.0,173.0012637075381,251.58677062359152
H_Leu_Ile_OH,198.0,171.83525549135163,190.0476293246028
Scopoletin,270.0,197.50187926989148,125.86438184656151
