IDENTIFIER,time,IPB_Halle_mlp6,IPB_Halle_SVM6
Arginine,24.778000002,159.350748843639,107.1844738384369
Pyroglutamic_acid,41.248000002,69.95369215005414,53.8648599379859
Uridine_,42.259000002,176.058941249958,189.96119661821868
Adipic_acid,139.62,103.71278382034329,73.99999413663747
Azelaic_acid,321.204,187.14427814174334,123.76252319128083
H_Gly_Phe_OH,138.0,186.88651226519215,163.99376771893105
H_Val_Leu_OH,162.0,182.5039534389987,173.52978241194336
4_HO_I3CHO,306.0,133.4886714520108,91.75940245256794
