IDENTIFIER,time,IPB_Halle_mlp2,IPB_Halle_SVM2
Glycocholic_acid,475.16200000199996,543.1520118699615,392.21075890092465
lysoPC(16:0/0:0),695.88,593.3045357576445,420.9755095154857
Proline,28.891000002,41.548781157081635,56.22194543559635
1_Methyl_L_Histidine,24.442000001999997,162.86196586563548,108.03626543487667
Phe,78.0,154.05804745665517,104.2095288582999
3_Carboxy_1_2_3_4_tetrahydro_2_carboline,186.0,181.67145524658798,153.14421041167918
H_Leu_Leu_OH,216.0,151.46821019493115,180.07611525108953
H_Phe_Leu_OH,246.0,152.10016181018045,212.68485726647364
Syringin,192.0,376.4557362224926,302.8106386934791
