IDENTIFIER,time,IPB_Halle_mlp7,IPB_Halle_SVM7
Isoleucine,47.677000002,81.63631583872521,82.99132059237758
Pimelic_acid,208.345999998,113.0360178458032,106.54918381952463
Deoxycholic_acid,642.258,364.7553446929296,295.385030908043
lysoPC(18:1(9Z)/0:0),719.802,638.1867917211173,400.2765916161827
Pentahomo_Met,276.0,139.0971188537584,154.63423257601897
H_Leu_Tyr_OH,168.0,166.09595047201591,215.57316131642267
H_Phe_Val_OH,180.0,146.17013826905696,191.1767896099206
Esculetin,204.0,132.1452703533378,121.15320650162242
