IDENTIFIER,time,IPB_Halle_mlp1,IPB_Halle_SVM1
Adenosine,45.328000001999996,155.99273831109076,249.63210959637635
Guanosine,66.0,165.99294189509328,270.7006493249394
Trp,144.0,198.2549315980802,166.64847939854354
H_Leu_Pro_OH,156.0,180.98792654046736,198.33622685078504
H_Val_Phe_OH,198.0,156.99150813742864,245.7868607678618
H_Ile_Phe_OH,234.0,161.9281491593917,264.2585406711404
4_MeO_I3CH2NH2,192.0,165.9431389931574,129.7630616976215
Lariciresinol,336.0,331.34436092985504,372.3126664844733
Scopolin,198.0,317.63078843944413,364.2863679879675
