IDENTIFIER,time,IPB_Halle_mlp9,IPB_Halle_SVM9
Taurine,26.761000002,83.16030025029224,46.90425749282065
Methionine,38.592,119.45961001976133,74.53696899238199
Inosine,50.346000000000004,158.71086310953143,211.189488165024
Tryptophan,151.789000002,183.84006587841563,137.7043416524366
Caffeic_acid,209.620000002,162.75801042258607,110.06703733121797
hydrocortisone__cortisol,393.35400000000004,321.3191885007599,319.3929217885652
Hexahomo_Met,324.0,168.9494328680549,171.17223306726288
1_MeO_I3CH2NH2,222.0,157.27857720331923,105.54310799903654
