IDENTIFIER,time,IPB_Halle_mlp3,IPB_Halle_SVM3
Citrulline,27.435,181.98092474828795,127.3203197329832
Glutaric_acid,68.536000002,81.18381374219527,81.47133195356233
Riboflavin,235.339000002,345.5054514404287,341.4671219165333
Cortisone,396.38800000199996,311.1482047464748,324.5221671546043
Adenosine,42.0,165.4680232317283,225.3102500375911
Tyr,42.0,196.02882151353703,133.71020373548856
H_Phe_Gly_OH,102.0,184.2911423041277,177.4090056603294
H_Leu_Phe__OH,252.0,168.20944243528427,237.13307889246664
