IDENTIFIER,time,IPB_Halle_mlp8,IPB_Halle_SVM8
Uric_acid,38.592,152.74378539854098,109.26190951891087
Methylmalonic_acid,43.984000001999995,52.84791011443537,57.92746334569907
phenyllactic_acid,262.249000002,148.87767284156774,107.27519338682646
Cholic_acid,536.475,411.7354551663003,356.02826702598134
Chenodeoxycholic_acid,629.4540000000001,379.30063884319577,339.61015163486513
Uridine,60.0,175.12841753389029,187.34621592715166
H_Ile_Ile_OH,186.0,175.04922866553912,187.4816738452482
Indol_3_ylmethylamine_(I3CH2NH2),108.0,108.97244183640457,86.76871174043089
