IDENTIFIER,time,IPB_Halle_mlp10,IPB_Halle_SVM10
Uracil,38.254000002,35.796506886867604,30.429869467638554
Tyrosine,42.933,177.65389928162708,114.45809637974844
Leucine,47.677000002,74.98373931675319,53.63937943206017
Phenylalanine,78.682000002,144.81201090034878,95.00354878605626
paba,116.752000002,87.22426562574515,60.890299320876665
H_Phe_Ile_OH,228.0,157.6848214597235,232.6044366979325
Indole_3_carbaldehyde_(I3CHO),288.0,136.53533773619384,90.10069636416998
Coniferin,180.0,285.76901100120057,310.4177631318021
