IDENTIFIER,time,Krauss_mlp4,Krauss_SVM4
PYRAZINE,84.0,116.34976002588138,120.68494926580446
4_amino_2_chloropyridine,114.0,111.76943888265053,118.79688995879924
P_CHLOROANILINE,126.0,111.85874267981565,118.83537408562134
Adenine,120.0,111.17576748611164,118.54105620883209
N_METHYLANILINE,120.0,113.70429422892215,119.63068673891463
3_bromo_N_methylaniline,120.0,105.83753154536576,116.557565615679
