IDENTIFIER,time,Krauss_mlp8,Krauss_SVM8
ISOQUINOLINE,120.0,111.74853955131704,116.91628070343728
2_Cyano_3_methylpyridine,120.0,112.22765687492354,117.34672289982892
ANILINE,120.0,113.31472248894865,118.32334989173273
1_decylamine,96.0,110.52547120613302,115.81746795153077
Diphenylamine,120.0,110.00710477219206,115.35176409285654
Phenylindol,72.0,108.96298281377098,114.4137179673263
