IDENTIFIER,time,Krauss_mlp10,Krauss_SVM10
2_chlorobenzonitrile,84.0,116.00057799085762,112.13799304985739
PIPERIDINE,126.0,106.66436071368491,108.30345158320837
Benzimidazole,120.0,115.30447298452536,116.18415251253717
2_methylimidazole,120.0,105.71952680351788,108.1173693149557
2_Bromoaniline,102.0,108.57237764841891,110.71619770730108
Terbutylazine,96.0,103.9796241000539,95.22316908298721
