IDENTIFIER,time,Krauss_mlp3,Krauss_SVM3
N_METHYLPYRROLE,84.0,119.31340824422519,120.42947185471374
1_HEXYLAMINE,102.0,116.53806259429969,119.21760940313519
1_Octadecylamine,96.0,105.78746823443144,110.83284909479531
INDOLE,84.0,114.33188745698901,118.15857699766227
Isophorone_diamine,126.0,107.03662833262099,114.5092230889949
3_(Trifluoromethyl)benzylamine,132.0,106.3968608092879,114.20015182267541
