IDENTIFIER,time,Krauss_mlp6,Krauss_SVM6
N_N_DIMETHYLANILINE,120.0,111.25973235239917,113.99538607606578
1_NAPHTHYLAMINE,120.0,109.75165045849421,103.16338761647327
Penconazole,114.0,101.58151470666537,105.12649509054147
2_METHYLINDOLE,126.0,110.57477013620449,107.41436093312107
QUINOLINE,120.0,110.7129275977201,108.50564133795905
2_AMINOPYRIDINE,120.0,113.1145785098304,104.97345955434734
