IDENTIFIER,time,Krauss_mlp5,Krauss_SVM5
Myclobutanil,114.0,105.18077402964349,99.73760520288886
BETA_PHENYL_ETHYLAMINE,120.0,115.25172094476122,117.3776473630388
O_CHLOROANILINE,126.0,115.89257559977924,116.70498517862542
1H_1_2_3_Triazole,120.0,103.468537097654,122.86293329683576
(1_1'_BIPHENYL)_4_4'_DIAMINE,126.0,106.32996822619054,110.74059452515252
Iminostilbene,78.0,104.85755392780166,109.7925944789923
