IDENTIFIER,time,Krauss_mlp1,Krauss_SVM1
2_chloropyridine,84.0,112.6051983948907,118.36560416961301
PYRIDINE,120.0,114.3363146925009,118.51079125032214
Tribenzylamine,96.0,103.95653179964326,117.61778700892253
AZOBENZENE,126.0,109.1559403694569,118.0719682501575
o_Phenanthroline,84.0,109.25718972048521,118.08064433594953
PARA_PHENYLENEDIAMINE,126.0,112.8765526823937,118.38848872867703
2_Aminobenzimidazole,120.0,111.62047814409088,118.28225468659096
