IDENTIFIER,time,Krauss_mlp7,Krauss_SVM7
2_4DICHLORO_ANILINE,84.0,112.15976920235957,116.77197770076647
1_naphthonitrile,84.0,114.10803540063398,117.1229546218403
3_aminobenzonitril,126.0,115.1872510036263,118.51514321256262
BENZYLAMINE,120.0,113.70074273016431,118.95145102514368
2_Aminoanthracene,120.0,105.27302858346712,115.53134281167365
QUINOXALINE,120.0,115.92222311147222,118.0379973383105
