IDENTIFIER,time,Krauss_mlp9,Krauss_SVM9
PHENAZINE,120.0,108.22489848780876,117.62363702775485
PHENANTHRIDINE,102.0,108.2942444202816,117.65833483722362
N_Ethylbenzylamin,120.0,111.38336707209857,119.20400284364024
BENZONITRILE,84.0,113.63542536088795,120.33083878960679
indazole,120.0,112.58154967659658,119.80352339570649
3_bromo_N_N_dimethylaniline,120.0,106.83032932555867,116.9258528411808
