IDENTIFIER,time,Krauss_mlp2,Krauss_SVM2
2_chloro_3_cyanopyridine,102.0,114.5893269736166,112.14180493565827
ORTHO_TOLUIDINE,120.0,111.82275163768271,111.66295100073951
4_Fluoroaniline,120.0,112.73185528645438,111.76450740940244
4_7_Phenanthroline,120.0,107.28921275640195,111.13138605762943
2_6_DIMETHYLPYRIDINE,120.0,111.82275163768271,111.66295100073951
Phenylindol,84.0,104.83894502125901,110.4031692238632
