IDENTIFIER,time,Mark_mlp4,Mark_SVM4
(R)_2_hydroxystearic_acid,744.0,496.77048113311014,505.5329416730395
5'_Deoxy_5'_Methylthioadenosine,498.0,499.46048998080454,500.32003803712115
ADIPIC_ACID,486.0,302.63270189304774,249.5466992068824
Alanylalanine,96.0,321.774918828839,272.8181757947147
Alanylalanine,102.0,321.774918828839,272.8181757947147
