IDENTIFIER,time,Mark_mlp3,Mark_SVM3
trans_Zeatin,456.0,392.67599157648027,329.2634332286396
NICOTINAMIDE,198.0,328.7958412273205,139.6251622898487
trans_Zeatin_riboside,534.0,400.2739913729895,587.2309187886977
META_AMINOBENZOIC_ACID,330.0,305.178511888306,168.9356109576155
Apigenin,594.0,484.37292717409974,428.83031074957574
Biotin,552.0,429.8194096176279,378.21116004254816
