IDENTIFIER,time,Mark_mlp5,Mark_SVM5
8_HYDROXYQUINOLINE,426.0,291.9384707547457,288.92559618731235
MCPA,618.0,374.3421567172353,343.73088014141337
ALLANTOIN,96.0,311.18878008273,301.728648096965
Quercetin,588.0,531.0606692610107,444.1482717671596
Cytidine,198.0,439.9450923694317,385.82600249764846
