IDENTIFIER,time,Mark_mlp10,Mark_SVM10
(_)_epigallocatechin,540.0,624.6760665406343,481.0016610596162
4_HYDROXY_3_METHOXYBENZOIC_ACID,558.0,255.61929811500963,240.95023872087862
Naringenin,600.0,493.4024282663115,421.8864652223866
P_HYDROXYBENZOIC_ACID,546.0,260.4277069921654,188.76605367329046
4_Methyl_2_oxopentanoate,564.0,257.9096910547461,174.89881819421578
