IDENTIFIER,time,Mark_mlp1,Mark_SVM1
Adenosine_3'_monophosphate,336.0,452.33428506723897,421.74336087571083
Fructose_1_phosphate,84.0,510.68499183119025,486.68164077000375
Esculin,534.0,475.5460924125608,428.2797583767133
g_Guanidinobutyrate,192.0,297.82627042860423,310.80313734937226
GUANINE,186.0,308.873455338185,235.15082083744375
Cytidine,192.0,479.3670464766624,434.5294944681576
