IDENTIFIER,time,Mark_mlp8,Mark_SVM8
META_HYDROXYBENZOIC_ACID,558.0,287.94603044647823,392.40464696538027
1_8_diaminooctane,108.0,289.4696021922397,271.06374344041944
6_methoxyquinoline,516.0,293.17332073902077,175.75321680853807
Trigonelline,102.0,287.7018619452031,415.6063230771635
Citramalic_acid,312.0,290.42543254479233,266.2722596590237
