IDENTIFIER,time,Mark_mlp9,Mark_SVM9
Ketoisoleucine,552.0,331.305886972033,373.0034578296406
Adenosine_3'_monophosphate,330.0,502.6274683197325,431.4290543072063
dehydrocostus_lactone,654.0,243.13481906327556,292.7444388714771
Uridine,336.0,317.39366769507785,297.40318894099374
L_(+)_Lysine,72.0,321.51648808611117,283.39049136837787
