IDENTIFIER,time,Mark_mlp6,Mark_SVM6
g_Guanidinobutyrate,180.0,282.3010958390122,195.77418650656443
4_HYDROXYBENZALDEHYDE,564.0,248.86700800897762,201.59938855696768
L_thialysine,72.0,305.8149804778533,386.2182385853679
4'_5_7_TRIHYDROXYFLAVONOL,594.0,456.2715333885081,401.7759064019121
4_HYDROXY_3_METHOXYBENZALDEHYDE,570.0,290.9171810063912,172.0366607301307
