IDENTIFIER,time,Mark_mlp7,Mark_SVM7
Glycine_Betaine,90.0,368.612555410036,247.62416407415793
ectoine,102.0,323.2375442208048,341.52523428622834
Cytosine,96.0,379.57803192453883,280.0419447756447
DL_Cystathionine,78.0,397.0610058150039,438.08246094444615
Citrulline,90.0,338.47465680293516,439.8308810464338
