IDENTIFIER,time,Mark_mlp2,Mark_SVM2
m_Hydroxycinnamic_acid,570.0,248.15259013404778,292.9113172690203
6_7_DIHYDROXYCOUMARIN,552.0,285.9713402633102,313.95367825855806
Proline,102.0,341.08942530120856,219.13137915880958
Emodin,642.0,487.364418383321,452.5461348167701
GUANINE,180.0,269.5744355887906,273.3015764369617
2_aminoadipic_acid,102.0,250.4120331792248,288.39224338991113
