IDENTIFIER,time,Matsuura_15_mlp9,Matsuura_15_SVM9
3_Man3GlcNAc,2591.88,1923.0353482868634,1589.7059352317622
Man4GlcNAc_III,1314.0,1549.0492350341165,1415.8259023173819
6_Man4GlcNAc_II,1319.58,1549.0492350341165,1415.8259023173819
Man4GlcNAc_II,1081.98,1549.0492350341165,1415.8259023173819
Man4GlcNAc_IV,1425.72,1549.0492350341165,1415.8259023173819
Man6GlcNAc_I,767.82,1004.2340708487119,1008.1402161376741
ManGlcNAcFucGlcNAc,1571.76,1816.3936357419261,1566.351068162548
Man5GlcNAc_III,1046.88,1261.1167918534993,1208.9523340521484
Man8GlcNAc_II,744.84,773.0304648643552,759.2941389852256
