IDENTIFIER,time,Matsuura_15_mlp4,Matsuura_15_SVM4
Man6GlcNAc_VI,1261.2,986.4224411205886,1008.5231816242372
XylManGlcNAcFucGlcNAc,1651.62,1537.78085681471,1403.2399364696396
Man5GlcNAc_VI,1242.48,1247.7990942244924,1196.5391706879677
Man5GlcNAc_II,892.68,1247.7990942244924,1196.5391706879677
Man2GlcNAcFucGlcNAc,1415.16,1485.0023313589231,1366.2038575682607
Man8GlcNAc_III,858.06,734.313461199268,743.9410539567477
Man7GlcNAc_V,1216.68,885.4474125207138,852.9577560694314
ManXylManGlcNAcFucGlcNAc,1521.3,1256.2411806830305,1202.6148860583235
Man6GlcNAc_I,753.66,986.4224411205886,1008.5231816242372
