IDENTIFIER,time,Matsuura_15_mlp5,Matsuura_15_SVM5
3_Man4GlcNAc,2454.42,1521.329241623926,1416.2818736165257
Man4GlcNAc_II,1076.94,1521.329241623926,1416.2818736165257
Man6GlcNAc_IV,907.32,1009.4699740371184,1006.2724072076644
Man7GlcNAc_V,1220.22,878.6429801831974,849.4821109439399
Man2XylManGlcNAcFucGlcNAc,1113.6,1016.9703075070008,1011.9393773218954
Man7GlcNAc_II,842.64,878.6429801831974,849.4821109439399
Man5GlcNAc_I,788.04,1265.2230691374637,1207.2611974647784
Man5GlcNAc_I,790.56,1265.2230691374637,1207.2611974647784
Man6GlcNAc_II,865.92,1009.4699740371184,1006.2724072076644
