IDENTIFIER,time,Matsuura_15_mlp6,Matsuura_15_SVM6
3_Man3GlcNAc,2585.34,1857.1115697264286,1593.011476796346
3_Man4GlcNAc,2456.94,1487.6790099723225,1410.4575523967808
Man5GlcNAc_VI,1238.46,1240.7788637101246,1197.9783699627458
Man2GlcNAcFucGlcNAc,1402.5,1449.5280409734075,1378.602386591721
ManGlcNAcFucGlcNAc,1549.5,1721.7868499217561,1568.2153900373855
Man7GlcNAc_III,890.64,872.9992384995802,840.6114828078943
3_Man2GlcNAc,2731.26,2733.261823509837,1713.6788694970464
Man8GlcNAc_II,739.26,755.4590951991505,753.9114978223819
Man7GlcNAc_V,1219.26,872.9992384995802,840.6114828078943
