IDENTIFIER,time,Matsuura_15_mlp10,Matsuura_15_SVM10
6_Man4GlcNAc_II,1324.62,1547.6338190189488,1415.3610795047894
Man4GlcNAc_III,1308.96,1547.6338190189488,1415.3610795047894
Man3GlcNAc,1478.28,1962.6364651624317,1603.7641138843564
Man6GlcNAc_VI,1258.68,973.3071305206056,1038.555010745655
Man6GlcNAc_III,921.0,973.3071305206056,1038.555010745655
3_Man2GlcNAc,2719.62,2782.754923253936,1792.1671482639238
Man8GlcNAc_I,635.64,783.4639209282368,661.7489419865205
Man8GlcNAc_III,861.6,783.4639209282368,661.7489419865205
Man8GlcNAc_III,865.14,783.4639209282368,661.7489419865205
