IDENTIFIER,time,Matsuura_15_mlp2,Matsuura_15_SVM2
6_Man4GlcNAc_II,1311.48,1535.564113479808,1426.3371754302757
Man3GlcNAc,1483.86,1982.025844504179,1623.5260063103835
Man2XylManGlcNAc2,2049.9,1229.1990996616905,1205.3347341266185
Man5GlcNAc_I,790.08,1244.8055380993655,1219.2007762519606
Man6GlcNAc_I,748.62,1019.6591454597522,1025.1828899894886
Man6GlcNAc_IV,902.28,1019.6591454597522,1025.1828899894886
Man6GlcNAc_III,916.92,1019.6591454597522,1025.1828899894886
Man5GlcNAc_II,895.2,1244.8055380993655,1219.2007762519606
Man8GlcNAc_I,636.66,775.7845280689229,753.0172536731454
