IDENTIFIER,time,Matsuura_15_mlp3,Matsuura_15_SVM3
Man4GlcNAc_II,1082.46,1530.9530640116288,1417.3040973327054
Man2XylManGlcNAcFucGlcNAc,1121.7,1008.6210104774397,1068.767528424934
ManGlcNAcFucGlcNAc,1562.1,1870.6978362504447,1566.9387239396372
Man7GlcNAc_III,881.04,896.1899514083764,886.3586103206328
Man7GlcNAc_I,729.9,896.1899514083764,886.3586103206328
Man7GlcNAc_II,837.6,896.1899514083764,886.3586103206328
Man6GlcNAc_III,922.02,1001.8071384566941,1063.3404393246572
Man6GlcNAc_II,869.4,1001.8071384566941,1063.3404393246572
Man8GlcNAc_I,639.18,792.3713479870415,709.3767813166091
