IDENTIFIER,time,Matsuura_15_mlp8,Matsuura_15_SVM8
Man4GlcNAc_III,1309.98,1490.495198621997,1369.2914191934472
3_Man3GlcNAc,2589.36,1916.8463305612424,1549.9896795306468
3_Man4GlcNAc,2454.9,1490.495198621997,1369.2914191934472
Man6GlcNAc_IV,904.8,998.9781467335108,981.4790169693621
Man4GlcNAc_IV,1423.2,1490.495198621997,1369.2914191934472
3_Man2GlcNAc,2720.16,2481.9724241773106,1674.4077036323324
Man2GlcNAcFucGlcNAc,1426.26,1440.7316646714544,1338.3431313899573
Man2XylManGlcNAcFucGlcNAc,1125.18,1002.3690263702578,986.4836655530626
XylManGlcNAcFucGlcNAc,1662.72,1500.3708388711427,1375.3720541199013
