IDENTIFIER,time,Matsuura_15_mlp7,Matsuura_15_SVM7
Man5GlcNAc_VI,1237.44,1222.913073504416,1217.1541555190354
Man3GlcNAc,1483.32,2031.8111863280742,1627.2649291077535
Man4GlcNAc_IV,1410.06,1517.232694192695,1426.568746053289
Man5GlcNAc_III,1041.78,1222.913073504416,1217.1541555190354
ManXylManGlcNAcFucGlcNAc,1521.78,1229.8470996186606,1223.47460090246
Man7GlcNAc_I,725.88,893.9186747413564,862.9947754096695
Man2XylManGlcNAc2,2043.36,1207.5346531581222,1203.187517110894
Man5GlcNAc_II,900.78,1222.913073504416,1217.1541555190354
Man5GlcNAc_III,1042.8,1222.9130735044162,1217.1541555190354
