IDENTIFIER,time,Matsuura_15_mlp1,Matsuura_15_SVM1
Man7GlcNAc_III,891.18,883.6938973533574,838.6185275724037
Man7GlcNAc_I,730.92,883.6938973533574,838.6185275724037
XylManGlcNAcFucGlcNAc,1661.7,1522.6334750272856,1369.870222535261
Man2XylManGlcNAc2,2088.96,1164.2243815162462,1130.8032788873588
Man7GlcNAc_II,838.62,883.6938973533574,838.6185275724037
ManXylManGlcNAcFucGlcNAc,1526.88,1185.2049993298108,1151.3080728832442
Man8GlcNAc_II,747.36,777.2451291856942,794.0837632453811
Man6GlcNAc_VI,1259.16,998.8061881003582,959.4929782575829
Man6GlcNAc_II,868.44,998.8061881003582,959.4929782575829
