IDENTIFIER,time,MPI_Symmetry_mlp4,MPI_Symmetry_SVM4
Rutin,583.464,655.5049474024759,644.0942751661153
Reserpine,754.086,654.7903498886225,643.507256281709
Bergapten,867.5560002000001,503.6505817945884,517.8102764377999
Safranin,653.913,540.6217118254518,549.5816727739525
