IDENTIFIER,time,MPI_Symmetry_mlp6,MPI_Symmetry_SVM6
Resveratrol,687.0919997999999,524.9989864761125,505.96455807465316
Berberine,593.994,553.9109549199466,537.130910952767
Kinetin,394.43299998,521.4215740747268,502.2082803799186
Quercetin,733.323,545.0962922482065,527.2929858937849
