IDENTIFIER,time,MPI_Symmetry_mlp8,MPI_Symmetry_SVM8
Laudanosine,503.45200002,579.4939902550025,618.041857327635
Apomorphine,431.70199998,546.6497837665921,585.944076566455
Emetine,456.92299998,624.392831771676,661.9203164385801
Naringin,630.5320002000001,660.79690387535,697.4970604104657
