IDENTIFIER,time,MPI_Symmetry_mlp10,MPI_Symmetry_SVM10
Phenylalanine,136.26799998,541.2108827844903,564.3257791745636
Amentoflavone,850.4560002000001,651.118799919927,656.1455941363417
Nicotinamide_dinucleotide,71.77549998,720.0183173837062,686.885523722578
Tryptophan,243.972,539.5945531031864,573.9283481233809
