IDENTIFIER,time,MPI_Symmetry_mlp5,MPI_Symmetry_SVM5
4_Methylumbelliferylglucuronide,526.26400002,561.2830048054855,581.696077182612
Biochanin_A,963.5209997999999,542.5099498711531,560.9583621713535
Salsolinol,64.8459,513.5208295862448,528.9354379856846
Kaempferol,800.1529998,543.0541443841552,561.5595083758899
