IDENTIFIER,time,MPI_Symmetry_mlp7,MPI_Symmetry_SVM7
Bicuculline,510.34000002,578.1176988972024,586.387541150229
IAA_Val,728.5939998,545.4752698899092,553.2515579384744
Harmane,468.459,513.1636964621581,520.4514328494956
Rotenone,1082.9200002,587.6139206531857,596.0273459763664
