IDENTIFIER,time,MPI_Symmetry_mlp9,MPI_Symmetry_SVM9
Erythromycin,673.3660002,711.5628108173185,655.573865826682
Cinchonine,207.97600002,565.6030168417208,548.2323822169927
Sinapine,387.64399998,569.4342691925642,551.8867973217624
Phlorizin,663.825,601.2149102367483,582.9144031408016
