IDENTIFIER,time,MPI_Symmetry_mlp1,MPI_Symmetry_SVM1
Genistein,784.9519998,503.4910025250024,561.5565414203169
Tyramine,506.793,351.7049472824989,554.792295653168
o_Anisic_acid,608.6539998,368.4205908453511,555.5460415502505
Xanthohumol,1108.02,597.9258549577045,565.8746461957367
Rifampicin,908.3239997999999,411.15044498270305,588.8423306488132
