IDENTIFIER,time,MPI_Symmetry_mlp3,MPI_Symmetry_SVM3
3_4_5_Trimethoxycinnamic_acid,736.035,502.38182666750083,532.2112591111872
Tetrahydropapaveroline,68.1936,576.6452771059991,554.8523159434387
Indole_3_carboxylic_acid,629.1079998,380.8865453646796,496.6511071107569
Vitexin_2''_O_rhamnoside,574.71199998,628.4238049593735,689.2002024461347
