IDENTIFIER,time,MPI_Symmetry_mlp2,MPI_Symmetry_SVM2
(_)_Epicatechin,469.404,579.9740930195015,580.5918436476359
Chelidonine,569.96599998,606.6974207723597,607.0494807074587
Adenosine,91.46149998,561.0358444492058,570.937571252671
S_R_Noscapine,600.2860002,620.1021612608491,632.2279036147129
