IDENTIFIER,time,MTBLS38_mlp9,MTBLS38_SVM9
1_8_diaminooctane,104.2890561,272.1430278824872,204.69985759217306
2_aminoadipic_acid,103.6022549,205.82827008157702,233.55409175166653
3_aminobenzoic_acid,332.5650104,302.48022226423757,192.53308847987716
esculetin,554.1952647,291.3926310791114,262.5637408450768
3_coumaric_acid,572.4534585,208.56886284413733,238.68278457090125
4_hydroxybenzoic_acid,547.324138,298.2899079363822,194.21361919387252
vanillic_acid,556.4492415,234.04995837105136,245.4937159605463
