IDENTIFIER,time,MTBLS38_mlp7,MTBLS38_SVM7
1_methyl_2_hydroadenosine,330.1871751,549.1555847246419,443.1390485881772
9_ribosyl_trans_zeatin,534.7101063,172.1602151961299,351.9190195665221
dehydrocostus_lactone,656.2586344,374.6681138665863,334.5983153410386
kaempferol,598.6217765,553.5494153675088,456.75171109261385
L_alanyl_L_alanine,103.121747,246.31512255411707,321.8513298512816
(_)_epigallocatechin,538.5282728999999,583.3741600666809,486.2286870356035
D_fructose_1_phosphate,89.52140601,468.66746693744244,379.29917036762674
