IDENTIFIER,time,MTBLS38_mlp2,MTBLS38_SVM2
1H_indole,613.7600061,253.09201548501585,135.24409720765294
nicotinamide,199.9471267,259.1843673457409,307.50017419369374
quinolin_8_ol,428.1005805,287.38598164637193,155.14625638735868
4_guanidinobutanoic_acid,187.03163600000002,287.38720599361085,155.15965319948043
4_hydroxybenzaldehyde,564.084884,259.1794699567853,307.3371005579257
biotin,552.7842964,394.04629624196247,380.41100158399786
cytidine,200.0494801,392.89095246744967,374.3689660746277
