IDENTIFIER,time,MTBLS38_mlp4,MTBLS38_SVM4
1H_indole_1_acetic_acid,582.765537,452.74254735695524,361.0240836985976
4_hydroxybenzoic_acid,546.2374559,300.9728954980511,327.12041405723204
cytosine,97.29202289,407.087483731248,315.4377401887167
(R)_2_hydroxystearic_acid,743.8171191,457.4097413566623,415.77046293761833
citramalic_acid,310.4031465,251.46057389220692,260.20448295777726
D_altrose,92.74312668,497.02166437917646,390.84648721146283
D_arabinitol,56.28,231.4812223394883,253.0370284472662
