IDENTIFIER,time,MTBLS38_mlp10,MTBLS38_SVM10
1_methyltryptophan,550.3856252,416.65888844336115,359.16698603705845
4_guanidinobutanoic_acid,181.4428251,270.3455343087383,326.9104424698605
6_methoxyquinoline,514.100236,142.12355042815562,324.49854565724553
apigenin,595.4164882,427.7528084352455,365.198237804164
quercetin,587.2752674,434.57125040850764,383.7635182110513
guanine,177.297865,185.49636007565306,323.6824143119429
