IDENTIFIER,time,MTBLS38_mlp3,MTBLS38_SVM3
glycine_betaine,92.84606459,311.860216862218,152.15733417579844
methyl_jasmonate,634.6497823,361.8699019925922,339.8259253492164
3'_AMP,332.3645617,505.66029795241485,555.1179768405673
3_hydroxybenzoic_acid,558.7628426,284.81709416705223,188.8917024682362
4_methyl_2_oxopentanoic_acid,563.4612127,295.1049303444494,174.9170898714318
adipic_acid,488.6678404,274.8203487127578,202.93812345161288
emodin,643.5708524,415.5557375107752,420.2863467926502
