IDENTIFIER,time,MTBLS38_mlp5,MTBLS38_SVM5
(_)_epigallocatechin,538.6671874,465.14172950719495,415.98821109489546
3'_AMP,336.7004942,460.94018787215435,350.27465122123056
allantoin,97.62544863,320.9304267047916,268.9311267081265
biotin,552.5444619,436.79285020030267,373.45878591576667
cystathionine,80.92600331,407.15484467731494,404.5504387706266
ectoine,103.7053056,299.7213137014707,306.2221185176006
trans_zeatin,454.40025139999995,403.09826868328423,382.342813563584
