IDENTIFIER,time,MTBLS38_mlp1,MTBLS38_SVM1
esculin_hydrate,536.7892895,516.8989597393977,512.5951668658747
L_lysine,73.985652,311.6759910563764,325.3353511014052
N_methylnicotinate,103.7628605,318.2515307915388,326.35874647623314
proline,104.03158590000001,334.23709502176223,337.15019946346945
3_methyl_2_oxovaleric_acid,554.0876129,323.33282779192115,328.6261734068917
gentiobiose,103.7657483,519.1394771240837,510.45426294544325
L_alanyl_L_alanine,97.381419,316.4310875719021,328.03403976307357
