IDENTIFIER,time,MTBLS38_mlp8,MTBLS38_SVM8
5'_S_methyl_5'_thioadenosine,499.18574630000006,526.9664305539171,438.9531731748642
citrulline,92.7953532,459.6607395968168,591.0642985236997
cytidine,193.4211871,425.35302783068556,348.80877996244686
guanine,184.01536069999997,240.40338561966,163.13226221204843
(4_chloro_2_methylphenoxy)acetic_acid,616.8091772000001,451.21032765736555,391.48419495998485
cystathionine,82.04890658,438.071653194985,496.83499892205305
vanillin,571.9012766,236.5949219004251,141.05836536504032
