IDENTIFIER,time,MTBLS38_mlp6,MTBLS38_SVM6
7_methylguanosine,345.0007465,572.650771796897,532.6536440834265
D_arabinitol,90.93368372,320.6342863481076,330.796051390745
L_thialysine,75.54724126,332.48129253810055,374.38815434498
uridine,337.356636,410.88584616540174,374.0898425148164
ectoine,104.9945495,310.84217298948045,283.53089982299105
esculetin,554.0788906,346.1214280165325,365.56071232739225
uridine,339.9331985,410.88584616540174,374.0898425148164
