IDENTIFIER,time,Nikiforos_mlp6,Nikiforos_SVM6
Tylosin,480.0,363.1350215441281,381.513196070211
Ractopamine,270.0,330.77838833669585,273.5339240338259
Mebendazole,498.0,325.3193391196127,272.92628396901114
Niflumic_acid,588.0,313.5933229218799,271.61064535522075
Clopidol,258.0,226.64014035916585,244.5873710507984
Sulfachlorpyridazine,276.0,315.84132495657576,271.8750973392855
Methimazole,162.0,104.29719507964978,197.66647535005137
