IDENTIFIER,time,Nikiforos_mlp9,Nikiforos_SVM9
Tilmicosin,408.0,481.0942914467732,486.75111287869163
Sulfanilamide,138.0,212.85438912632037,232.9788281662472
Marbofloxacin,252.0,391.247449947393,287.5582640789756
Metronidazole,228.0,211.6861597186046,232.22718739180286
Sulfaguanidine,126.0,259.4555593500314,261.19189149383044
Ethopabate,360.0,284.95209681322655,272.45851947017115
