IDENTIFIER,time,Nikiforos_mlp4,Nikiforos_SVM4
Difloxacin,306.0,388.3066136706589,348.85534188218173
Norfloxacin,270.0,351.99259242430674,313.91025113965327
Propranolol,408.0,301.132951262475,287.0999127131571
Sulfaclozine,276.0,323.66772079187115,300.3659581983627
Sulfathiazole,222.0,297.5590339546292,284.6700173341261
Azithromycin,372.0,643.2003784795327,601.7216132001597
Ternidazole,264.0,235.27875224292416,230.03260259607163
