IDENTIFIER,time,Nikiforos_mlp10,Nikiforos_SVM10
Sulfamethoxazole,282.0,295.90081416818447,278.78962464282904
Sulfameter,252.0,318.5215647633886,286.2956781935741
Cefalexin,252.0,374.67335545311175,305.0682834053817
Sulfadoxine,288.0,343.6533140926123,294.67919085888553
Triclabendazole,714.0,384.94250327567374,308.5129224169532
Sulfadimidine,264.0,316.87100159555973,285.74655539913306
