IDENTIFIER,time,Nikiforos_mlp8,Nikiforos_SVM8
Ceftiofur,330.0,451.24830293420894,517.7167135235419
Ronidazole,228.0,234.236428054739,229.25602457434888
Diaveridine,246.0,303.99480535597434,290.57338196887815
Theophylline,246.0,211.05276998847947,205.8668294257744
Sarafloxacin,294.0,417.73169130408803,313.9598578258914
Thiabendazole,384.0,235.51235860323973,230.57184204683628
Moxidectin,852.0,476.69241336572213,616.1205303581507
