IDENTIFIER,time,Nikiforos_mlp7,Nikiforos_SVM7
Sulfapyridine,234.0,287.154910236694,281.15829597403945
Albendazole,570.0,303.42987740540633,286.13290866345096
Ranitidine,198.0,349.0673703898429,301.9871163051413
Atorvastatin,612.0,550.6022717993537,383.5302695824662
Flubendazole,522.0,348.1407219254991,301.6152630028797
Danofloxacin,282.0,384.5275583744495,316.444780153123
Sulfisoxazole,288.0,305.4303907293919,286.75228394848887
