IDENTIFIER,time,Nikiforos_mlp2,Nikiforos_SVM2
Ciprofloxacin,270.0,377.31789349296383,290.0013113543803
Morantel,270.0,260.4186004103014,253.34299891248003
Valsartan,552.0,412.384432464602,337.9686357231846
Clarithromycin,558.0,517.548033986403,524.6625962298576
Mabuterol,324.0,367.4568670828278,289.95820936992413
Flumequine,450.0,308.8561214580165,278.70487368576244
Ofloxacin,270.0,387.424418667059,290.4773578382441
