IDENTIFIER,time,Nikiforos_mlp5,Nikiforos_SVM5
Enrofloxacin,294.0,400.4418299020785,309.16508743753906
Clenbuterol,294.0,325.90268444717657,290.1495277849903
Salbutamol,198.0,290.94499195476953,273.18659859119384
Sulfamerazine,240.0,314.0117164491654,285.4270583022686
Paracetamol,216.0,209.59545147943462,217.7685254905808
Imidocarb,240.0,391.6237000450323,305.95962801563326
Novobiocin,672.0,489.80147489620674,552.8777529190663
