IDENTIFIER,time,Nikiforos_mlp1,Nikiforos_SVM1
Lincomycin,252.0,428.0400280809711,324.0240573516045
Albendazole_Sulfone,360.0,328.8383288377085,293.0184091078393
Dapsone,252.0,284.30207164097624,279.25005901243
Progesterone,672.0,344.40135673041715,297.86218656011766
Sulfamethizole,252.0,304.3151826275027,285.41747784370364
Oxfendazole,390.0,345.2052602899249,298.11274198330045
Metoprolol,306.0,301.61733678373076,284.5840523680574
