IDENTIFIER,time,Nikiforos_mlp3,Nikiforos_SVM3
Atenolol,198.0,303.9677194067,261.67259575711734
Rifaximin,606.0,494.9786744671667,436.6269557080019
Sulfamoxole,288.0,304.7797064852707,261.99889885555325
Robenidine,624.0,360.8394955011429,284.52694558967727
Metformin,84.0,166.4434826217211,215.48033443115764
Tiamulin,468.0,494.5316177544812,338.2521277742675
Oxolinic_acid,366.0,299.68739949200517,259.9525170916777
