IDENTIFIER,time,Otto_mlp10,Otto_SVM10
Efavirenz,780.0,519.4522726367685,695.9261087455347
Efavirenz,774.0,519.4522726367685,695.9261087455347
Meptazinol,294.0,320.3808062454316,281.9329476177189
Fosinopril,996.0,1067.9556380192237,388.11249777168894
