IDENTIFIER,time,Otto_mlp5,Otto_SVM5
Dibucaine,516.0,603.5816988955958,511.9712403538885
Dopamine,54.0,191.2796088669308,245.10911133324132
Adenosine,66.0,439.89319055650253,274.93378902234974
Phenylephrine,54.0,218.4500602536793,428.51101270469115
