IDENTIFIER,time,Otto_mlp3,Otto_SVM3
Dropropizine,174.0,343.5466786922355,342.63834982860465
Linoleic_acid,1164.0,438.52418416667456,431.756559892513
Cathine,162.0,151.79158510250954,170.7985241562895
Epinephrine,48.0,224.4403127831427,235.4065511092977
