IDENTIFIER,time,Otto_mlp6,Otto_SVM6
Bromochlorophen,990.0,680.4397100393851,392.6562632262373
Niclosamide,936.0,566.2774368299562,464.0966681946636
Maprotiline,510.0,448.18988431942034,538.3775020759317
Allopurinol,72.0,71.77539573082848,390.7500729325981
