IDENTIFIER,time,Otto_mlp7,Otto_SVM7
Nateglinide,822.0,598.1570372835307,510.21698729823953
Linezolid,336.0,631.6975381196042,552.639269360328
Bupivacaine,372.0,501.6355653655636,448.4766175508147
Meperidine,324.0,358.8255900804436,360.963891624419
