IDENTIFIER,time,Otto_mlp8,Otto_SVM8
Dienogest,492.0,566.719301103801,475.6517010623112
Nateglinide,816.0,583.4865915291182,489.13636596604954
Etodolac,750.0,494.1022221045958,421.60074410472225
Hydrocodone,192.0,530.34437850198,448.57681175275684
