IDENTIFIER,time,Otto_mlp1,Otto_SVM1
Methsuximide,408.0,270.6294891406288,245.90183316535507
Pioglitazone,360.0,643.8287310906355,571.363010959786
Phenytoin,456.0,390.06805702499844,350.0623260286668
Olopatadine,426.0,597.4778363748628,530.9411261049345
Tilidine,312.0,441.4735085273612,394.8922102041944
