IDENTIFIER,time,Otto_mlp4,Otto_SVM4
Zidovudine,258.0,452.28184779524867,409.5941214103789
Dihydrocodeine,156.0,567.1806654984681,486.35535583844757
Atropine,258.0,526.7586011349941,459.3503124385609
N_ethyl_4_methoxybenzamide,336.0,156.03735211136112,211.68004678558185
