IDENTIFIER,time,Otto_mlp9,Otto_SVM9
Praziquantel,606.0,543.0973403248798,515.4433512978427
Penciclovir,66.0,387.42757420834795,373.8329530469282
Doxazosin,432.0,877.4309376866931,848.3837594862871
Bexarotene,1140.0,638.0319225487078,601.8038844436093
