IDENTIFIER,time,Otto_mlp2,Otto_SVM2
Benproperine,528.0,511.38514130683427,455.4207756374368
Bufexamac,504.0,307.40545185281815,381.820401014151
Olopatadine,420.0,577.5771789400832,393.16456146780547
Carisoprodol,528.0,395.1265881884924,274.521791447036
Tetrazepam,606.0,462.44999226630586,413.2024011064439
