IDENTIFIER,time,PFR-TK72_mlp3,PFR-TK72_SVM3
7_hydroxycoumarin,325.8,372.7210287779117,185.50796348706834
hesperetin_7_O_neohesperidoside,396.6,476.2139763485045,341.3613516361381
alpha_solanine,474.6,535.6448570546111,373.1724967165086
alpha_chaconine,478.2,531.9523813048538,373.1584120057927
abietic_acid,1158.0,405.10468040310354,493.98386366738436
