IDENTIFIER,time,PFR-TK72_mlp6,PFR-TK72_SVM6
kaempferol_3_rutinoside,338.4,312.0281223297119,321.45195945050205
naringenin_7_O_neohesperidoside,370.8,307.33267376780685,320.28554119090643
secoisolariciresinol,411.6,523.1103206327084,454.30397699905143
caffeic_acid_phenylethyl_ester,730.2,439.3118691538719,444.6157311577756
