IDENTIFIER,time,PFR-TK72_mlp7,PFR-TK72_SVM7
catechin,191.4,537.9234585389888,513.6249557386395
chlorogenic_acid,192.6,548.8718731659031,465.8674824689171
p_coumaric_acid,302.4,193.4928245506492,186.52728633862574
tomatin,453.0,257.09303896835485,385.0664867583988
