IDENTIFIER,time,PFR-TK72_mlp2,PFR-TK72_SVM2
quercetin_3_rhamnoside,361.2,480.31159370803806,391.77977580196125
pinoresinol,504.6,475.0747640805333,423.4203984428545
naringenin,532.8,454.4907084123768,389.10865716443436
kaempferol,540.6,469.8998199073807,399.7002317023348
betulinic_acid,1127.4,478.1050791034826,387.23878929276066
