IDENTIFIER,time,PFR-TK72_mlp4,PFR-TK72_SVM4
cyanidin_3_galactoside,168.0,646.983254601359,363.13071116847175
phloridzin,406.2,632.8591395257066,361.1340232379156
luteolin,465.0,426.0959214226146,338.2616759673318
isorhamnetin,555.0,470.3735937565669,342.4487333857072
18beta_glycyrrhetinic_acid,997.8,580.6789953566719,366.9023773985482
