IDENTIFIER,time,PFR-TK72_mlp1,PFR-TK72_SVM1
hydroxytyrosol,147.6,278.9866622465269,345.5633037949569
procyanidin_B1,148.2,499.5106637862913,371.08116937514677
quercetin_4'_glucoside,375.0,538.4224964757782,425.10449063846846
hesperetin_7_rutinoside,383.4,488.5888155770656,393.61972342968187
quercetin,468.0,448.85779277670065,500.30797804035785
