IDENTIFIER,time,PFR-TK72_mlp9,PFR-TK72_SVM9
cyanidin_3_glucoside,182.4,556.6315855740239,419.35153536024984
malvidin_3_glucoside,231.6,542.1966817517231,521.1579766602543
epicatechin,239.4,496.87140098659034,515.6987843796281
quercetin_3_galactoside,314.4,554.9438386212622,485.32658519920244
