IDENTIFIER,time,PFR-TK72_mlp10,PFR-TK72_SVM10
procyanidin_B2,211.8,399.85409759933674,376.23249169260157
p_coumarlyquinnic_acid,252.6,535.5973411014567,439.56748097367347
hesperetin,558.0,555.4556399683331,458.406936504295
ursolic_acid,1155.0,468.6908981488914,383.16244619172795
