IDENTIFIER,time,PFR-TK72_mlp5,PFR-TK72_SVM5
caffeic_acid_,231.6,257.09754342697397,325.6047661647496
quercetin_3_rutinoside,304.2,437.95380018173535,391.2846450853305
oleuropein,423.0,478.20467398605297,380.6011075888103
lariciresinol,434.4,514.7386151677271,353.1132384178713
asiatic_acid,763.2,513.4282147732079,372.69425510881354
