IDENTIFIER,time,PFR-TK72_mlp8,PFR-TK72_SVM8
gallic_acid,96.0,337.39461003652815,353.5148645316055
protocatechuic_acid,144.6,328.7333851296777,341.25172340724475
quercetin_3_glucoside,320.4,573.6156106009987,398.92528940096923
oleanolic_acid,1152.0,575.7984488932356,403.14690807393663
