IDENTIFIER,time,Taguchi_mlp5,Taguchi_SVM5
Triacylglycerol_14:0_16:0_18:2,3710.8900200000003,3571.8827427953206,3544.6881421760063
Triacylglycerol_16:1_18:2_18:2,3363.2700600000003,3744.729222149186,3787.215439024025
Triacylglycerol_16:0_16:0_16:0,3913.6299,3592.5252472101547,3570.661163391531
Triacylglycerol_14:0_16:1_18:1,3494.4699,3571.8827427953206,3544.6881421760063
Triacylglycerol_15:0_18:1_18:1,3794.6500200000005,3747.086323943706,3776.0343863321723
Triacylglycerol_15:0_16:0_18:1,3809.11008,3654.017588610596,3650.688617379971
