IDENTIFIER,time,Taguchi_mlp3,Taguchi_SVM3
Triacylglycerol_14:0_16:1_18:3,3314.9199,3519.3799360886205,3376.966572915526
Triacylglycerol_17:1_18:1_18:1,3784.53,3758.757335864045,3803.257615058017
Triacylglycerol_18:2_18:2_18:2,3377.2599600000003,3780.3529793016037,3594.8263355953177
Triacylglycerol_17:1_18:1_18:1,3958.5099600000003,3758.757335864045,3803.257615058017
Triacylglycerol_16:0_16:0_16:0,3712.1299200000003,3549.703184385736,3774.3290701182473
Triacylglycerol_16:0_18:1_22:5,3571.29,3911.868566341958,3618.0665549690416
Triacylglycerol_16:0_16:0_18:1,3896.5800600000002,3645.402296028701,3851.953603213887
