IDENTIFIER,time,Taguchi_mlp7,Taguchi_SVM7
Triacylglycerol_4:0_16:0_18:1,2819.33004,2583.430946219588,3554.198436782724
Triacylglycerol_15:0_18:1_18:1,3775.0701,3691.8772022475096,3612.6610340275793
Triacylglycerol_14:0_16:0_16:0,3727.0200600000003,3522.378319280497,3547.8110557422024
Triacylglycerol_15:0_18:1_18:2,3625.62996,3687.82903993547,3635.2058452786696
Triacylglycerol_4:0_16:0_18:2,2615.5899600000002,2566.860126273418,3554.198453543273
Triacylglycerol_17:1_18:2_18:2,3618.4000200000005,3736.0656247865677,3630.7788977286655
