IDENTIFIER,time,Taguchi_mlp1,Taguchi_SVM1
Triacylglycerol_14:0_16:1_18:2,3321.12006,3621.340431795048,3593.07909928689
Triacylglycerol_18:2_18:2_18:2,3543.9298799999997,3737.5287795647823,3742.4208090308484
Triacylglycerol_16:0_18:0_18:1,3886.41996,3763.3960113713865,3739.80677903373
Triacylglycerol_12:0_18:2_18:2,3170.2999800000002,3607.813830191116,3584.8047461944993
Triacylglycerol_12:0_12:0_18:2,2949.4599,3070.1716741776713,3110.139651857767
Triacylglycerol_16:0_17:1_18:1,3781.29,3784.0598486223885,3719.904682310273
Triacylglycerol_16:1_18:1_18:1,3725.09994,3768.5893412844976,3736.2772049287155
