IDENTIFIER,time,Taguchi_mlp4,Taguchi_SVM4
Triacylglycerol_16:0_18:0_18:1,4075.31982,3755.023826654938,3879.8027647977106
Triacylglycerol_15:0_18:1_18:2,3620.9301,3781.6361795526923,3745.77507269917
Triacylglycerol_10:0_16:0_18:1,3331.24008,3253.294335076553,3320.4172020002998
Triacylglycerol_14:0_16:1_18:1,3705.3300600000002,3589.7959775390163,3510.192745036131
Triacylglycerol_18:1_18:2_18:2,3648.33,3723.2381028649866,3555.207162154447
Triacylglycerol_18:1_18:1_18:2,3718.27998,3720.0324991050793,3695.5804380372856
Triacylglycerol_12:0_16:0_18:1,3522.9,3434.3605568163985,3580.290881339692
