IDENTIFIER,time,Taguchi_mlp8,Taguchi_SVM8
Triacylglycerol_12:0_16:0_18:1,3501.0099600000003,3400.1560175482505,3431.712182462591
Triacylglycerol_18:0_18:1_18:1,4045.6901399999997,3683.099962678763,3615.868477106398
Triacylglycerol_12:0_18:2_18:2,3326.07012,3530.617424146603,3573.066797908861
Triacylglycerol_10:0_16:0_18:2,3135.5301,3220.0983622688814,3254.5149114196206
Triacylglycerol_14:0_16:0_16:0,3729.8000399999996,3412.227724666415,3443.7236199287163
Triacylglycerol_16:0_18:1_22:5,3765.1300200000005,3634.9754197883135,3497.7383421447903
