IDENTIFIER,time,Taguchi_mlp6,Taguchi_SVM6
Triacylglycerol_17:0_18:1_18:1,3959.13984,3721.664126475703,3814.0841136458575
Triacylglycerol_6:0_16:0_18:1,2977.32012,2850.6831544139427,3412.1808811043516
Triacylglycerol_18:0_18:1_18:1,4061.9101200000005,3692.5018972258267,3817.223107127969
Triacylglycerol_18:1_18:2_18:2,3548.5899600000002,3705.0757307257372,3608.0053227041226
Triacylglycerol_14:0_16:1_18:3,3359.40996,3593.749606669654,3337.3588498241966
Triacylglycerol_14:0_16:1_18:2,3521.2399200000004,3607.8935750646615,3384.776157016668
