IDENTIFIER,time,Taguchi_mlp2,Taguchi_SVM2
Triacylglycerol_16:0_18:1_18:1,3881.41986,3713.156642767021,3808.8510734042684
Triacylglycerol_18:1_18:1_20:4,3567.1701,3809.7283692531664,3616.6837796757
Triacylglycerol_15:0_16:0_18:1,3804.7400399999997,3632.623252090404,3763.7163002110497
Triacylglycerol_16:0_18:1_18:1,3870.16986,3713.156642767021,3808.8510734042684
Triacylglycerol_16:0_16:0_18:1,3902.85006,3660.8184816179446,3851.1862780780502
Triacylglycerol_10:0_18:1_18:2,3149.22,3497.0598504956606,3441.8435772907496
Triacylglycerol_12:0_16:0_16:0,3515.38008,3295.9535096190093,3405.387924728547
