IDENTIFIER,time,Taguchi_mlp9,Taguchi_SVM9
Triacylglycerol_14:0_16:0_18:2,3516.8099399999996,3608.375572817692,3617.6632607841884
Triacylglycerol_17:1_18:2_18:2,3448.78992,3759.1164233476065,3776.0108255111527
Triacylglycerol_18:1_18:1_18:2,3692.59002,3739.394783800227,3742.3428060311835
Triacylglycerol_16:1_18:2_18:2,3533.4501,3776.359796652543,3782.354788058975
Triacylglycerol_12:0_12:0_18:1,3133.59006,3046.108718966853,3049.3922628780833
Triacylglycerol_16:0_16:0_18:0,4089.19008,3798.4552120501994,3755.2430439763634
