IDENTIFIER,time,Taguchi_mlp10,Taguchi_SVM10
Triacylglycerol_13:0_16:0_18:0,3821.2600799999996,3563.8469916353383,3466.2759094805015
Triacylglycerol_10:0_16:0_18:2,3152.7301199999997,3281.8150702447015,3281.200747274202
Triacylglycerol_4:0_18:1_18:2,2621.7501,2867.4328583518145,3400.798380808036
Triacylglycerol_16:1_18:1_18:1,3671.5999799999995,3719.7794145455687,3742.8798305790497
Triacylglycerol_10:0_16:0_18:1,3313.8,3296.187696684315,3349.01997290326
Triacylglycerol_17:0_18:1_18:1,3969.4002,3733.159790923768,3822.441412818962
