IDENTIFIER,time,Tohge_mlp1,Tohge_SVM1
Isorhamnetin_3_O_rutinoside,727.8,626.3560536250184,789.6921023914844
Kaempferol_7_neohesperidoside,756.6,912.6083251345032,796.4945527277952
(_)_Epicatechin,367.8,1137.226708994118,1056.4032591637513
3_4'_5_7_tetrahydroxy_3'_5'_dimethoxyflavylium__chloride,847.8,1052.3035473758705,972.8280580460082
Quercetin_3_O_beta_glucopyranosyl_6''_acetate,756.0,645.3340408422289,685.2895211286809
Rhoifolin,811.8,877.7666727413482,790.543353376803
kaempferol_3_O_robinoside_7_O_rhamnoside,467.4,-142.3439194994626,754.070923241966
Kaempferol_7_neohesperidoside,772.8,912.6083251345032,796.4945527277952
