IDENTIFIER,time,Tohge_mlp3,Tohge_SVM3
3_3'_4'_5_tetrahydroxy_7_methoxyflavone,1345.8,1021.3178669071808,1138.6696932026298
Datiscetin_3_O_rutinoside,624.0,894.5357696848408,793.9735931940235
Luteolin_6_C_glucoside,436.2,593.6639404016901,573.0499795460544
Isorhamnetin_3_O_glucoside,740.4,545.1905399019673,590.4619505362845
Kaempferol_3_O_rutinoside,682.2,894.5357696848408,793.9735931940235
Myricetin,751.2,1018.2785892755766,1130.0188710030584
Quercetin_4'_glucoside,741.0,544.1399504362306,574.1152445448149
Ononin,972.0,651.814826255582,597.0615049614514
