IDENTIFIER,time,Tohge_mlp8,Tohge_SVM8
Luteolin,1191.0,1061.3359498352127,1083.7925751979835
Acacetin_7_O_neohesperidoside,1289.4,673.9732779767035,755.6452709101624
Neohesperidin_dihydrochalcone,1275.6,682.4876769314499,744.535041550154
Eriodictyol_7_O_glucoside,557.4,613.7599093719335,649.8241691288553
Phlorizin,895.8,649.9517954118769,661.7061890733862
2'__6'_dihydroxy_4_methoxychalcone_4'_O_neohesperidoside,1317.0,674.8302011604071,754.9064904951551
"Kaempferol_3_O_(6""""_p_coumaroyl)_glucoside",1290.0,674.812773655183,754.9224818529166
3_3'_4'_5_7_pentahydroxy_flavylium,555.0,1058.5615022456811,1083.141565613616
