IDENTIFIER,time,Tohge_mlp7,Tohge_SVM7
Acacetin,1364.4,1049.794299818243,1226.8553967694909
Acacetin_7_O_rutinoside,1283.4,806.2657944288175,709.4435212449589
Hesperetin_7_O_neohesperidoside,915.6,755.0035003435662,689.2448192040015
Isosakuranetin_7_O_neohesperidoside,1295.4,801.6537245368874,707.7812600081969
Isookanin_7_glucoside,383.4,616.4299854594002,624.5978518377785
Myricitrin,525.0,588.6507482424898,616.2181192082547
Syringetin_3_O_galactoside,730.2,648.589495389943,650.997185152353
Pelargonidin_chloride,721.8,1087.2267667947688,1238.0501904324522
