IDENTIFIER,time,Tohge_mlp4,Tohge_SVM4
Baicalein_7_O_glucuronide,1134.0,581.609846800584,584.8912475807049
Diosmetin_7_O_neohesperidoside,897.6,798.8519360615051,719.2917430204302
Naringenin,1295.4,1038.773881459041,1065.9459937917163
Isosakuranetin,1365.0,1023.2186701452839,1050.19241483636
apigenin_7_O_glucoside,760.2,623.5752187319518,601.7145238864927
3'_METHOXY_4'_5_7_TRIHYDROXYFLAVONOL,1317.6,989.7232972808788,981.8091703506661
Isoquercitrin,555.0,567.749968544008,578.18941816905
Hyperoside,537.0,567.749968544008,578.18941816905
