IDENTIFIER,time,Tohge_mlp5,Tohge_SVM5
FLAVANONE_(3_3_D2),1396.8,1214.9719851976922,714.0461058243682
Apigenin_6_C_glucoside__7_O_glucoside,406.8,934.9663247665895,986.8554932916019
Malvidin_3_galactoside,427.2,643.0936240719127,687.603109975304
(+)_3_3'_4'_5_7_Pentahydroxyflavan,367.2,1046.081280899639,1140.680461745439
Vitexin_2''_O_rhamnoside,513.6,908.0843735251176,992.8331006654896
Quercetin,1155.6,1015.4638922682567,1135.2243612654615
Luteolin_3'__7_di_O_glucoside,482.4,875.3065406387843,896.288692868771
Rutin,535.2,875.3065406387843,896.288692868771
