IDENTIFIER,time,Tohge_mlp6,Tohge_SVM6
Maritimetin_6_O_glucoside,550.2,644.5714719817366,607.9848736961029
Daidzein,972.6,1139.1752104827538,1173.8690070456173
Apigenin_8_C_glucoside,511.2,678.0712157164635,723.1784774455205
Kaempferol_3_O_glucoside,696.6,644.5714719817366,607.9848736961029
Luteolin_4'_O_glucoside,742.2,644.5714719817366,607.9848736961029
Syringetin_3_O_glucoside,753.6,688.3187328188582,736.1010665000053
Malvidin_3_O_glucoside_chloride,460.8,675.87468451696,668.497846743229
Luteolin_8_C_glucoside,442.2,644.5714719817366,607.9848736961029
