IDENTIFIER,time,Tohge_mlp9,Tohge_SVM9
Apigenin,1308.0,1104.2989813641436,1151.4977044691127
Naringenin,1300.8,1098.1892604818374,1147.5640988074902
4_Deoxyphloridzin,925.8,665.3369302934722,658.6976705017933
4'_5_dihydroxy_7_methoxyflavone,1363.8,1055.6788166246397,1115.8558475257519
4'_hydroxyisoflavone_7_O_glucoside,415.8,670.2580732090688,668.7955593550705
Cyanidin_3_glucoside,370.8,630.919021818877,606.3494895429546
Malvidin_3__5_di_O_glucoside_chloride,352.2,845.9841884675825,760.4906091931556
3_(4_HYDROXY_3_5_DIMETHOXYPHENYL)_2_PROPENOIC_ACID,483.6,1255.8655528896475,1197.1653357658256
