IDENTIFIER,time,Tohge_mlp10,Tohge_SVM10
3_5_7_trihydroxy_4'_methoxyflavone,1369.8,1001.5976431685895,1040.470173563721
3'_4'_5_7_tetrahydroxyflavanone,1057.2,1029.262821955724,1044.4476551122489
Eriodictyol_7_O_neohesperidoside,579.6,784.7610995224347,859.368833708894
Daidzein_8_C_glucoside,359.4,724.565204981591,712.6855031876121
Peonidine_3_O_glucoside_chloride,437.4,657.7891215042495,651.8790487030248
Cyanidin_3__5_di_O_glucoside,315.0,797.9812639202694,854.6874512911821
Okanin_4'_O_glucoside,568.2,649.271425724884,654.3453836350125
