IDENTIFIER,time,Tohge_mlp2,Tohge_SVM2
Genistein,1299.6,1037.7799913546796,1047.7617900042662
Cyanidin_3_O_galactoside,355.2,618.2265659764341,643.8886423976612
Hesperidin,1126.2,770.8569956550909,795.395132313193
Naringenin_7_O_glucoside,736.8,660.8836641782973,655.3900857646977
Luteolin_7_O_glucoside,594.6,620.4853175376188,644.2039365752751
Quercetin_3_O_arabinoglucoside,474.6,757.0606861579131,806.3406759139282
4'_5_7_TRIHYDROXYFLAVONOL,1311.6,1050.6704587529769,1050.4565235762173
Quercitrin,714.6,620.4853175376188,644.2039365752751
